public_id;account_public_id;added_by;category_id;amount;currency;value_date;description;functional_amount;functional_currency;status;created_at;last_updated_at;cancellation_reason;dismiss_reason;verified_by;upload_id;forecast_source
ufo_1fd18367-756d-48cc-b939-ee93f1258987;bac_9de64361-2a35-488d-b863-a25a210e2d21;47;cash_out_tax_payments;-322295;EUR;2025-01-18;User forecast for cash_out_tax_payments via one-off;-322295;EUR;dismissed;2025-09-13T14:04:51.280139;2025-09-13T14:04:51.280140;;;;;one-off
ufo_a1721cf4-49e7-4ced-98f9-3c6b5a3f5c63;bac_9de64361-2a35-488d-b863-a25a210e2d21;2;cash_out_tax_payments;-25000;EUR;2025-02-20;User forecast for cash_out_tax_payments via one-off;-25000;EUR;dismissed;2025-09-13T14:04:51.280154;2025-09-13T14:04:51.280155;;;;;one-off
ufo_d67cfad3-e19d-4407-849e-2060dc20b726;bac_9de64361-2a35-488d-b863-a25a210e2d21;43;cash_out_tax_payments;300945;EUR;2025-03-15;User forecast for cash_out_tax_payments via one-off;300945;EUR;cancelled;2025-09-13T14:04:51.280165;2025-09-13T14:04:51.280166;;;;;one-off
ufo_e25fc3c7-4c2b-4fe7-97fb-74fe7fb62679;bac_9de64361-2a35-488d-b863-a25a210e2d21;52;cash_out_tax_payments;-937520;EUR;2025-04-10;User forecast for cash_out_tax_payments via one-off;-937520;EUR;dismissed;2025-09-13T14:04:51.280174;2025-09-13T14:04:51.280175;;;;;one-off
ufo_b22e421d-e803-49b8-a356-6baff15b3b5f;bac_9de64361-2a35-488d-b863-a25a210e2d21;3;cash_out_tax_payments;-395470;EUR;2025-05-12;User forecast for cash_out_tax_payments via one-off;-395470;EUR;cancelled;2025-09-13T14:04:51.280184;2025-09-13T14:04:51.280185;;;;;one-off
ufo_35775b46-7498-42a1-bb3e-2801c504b342;bac_9de64361-2a35-488d-b863-a25a210e2d21;52;cash_out_tax_payments;929895;EUR;2025-06-17;User forecast for cash_out_tax_payments via one-off;929895;EUR;cancelled;2025-09-13T14:04:51.280192;2025-09-13T14:04:51.280193;;;;;one-off
ufo_0b307ded-2848-4355-83f6-f09116e17251;bac_9de64361-2a35-488d-b863-a25a210e2d21;2;cash_out_tax_payments;-25000;EUR;2025-07-20;User forecast for cash_out_tax_payments via one-off;-25000;EUR;dismissed;2025-09-13T14:04:51.280200;2025-09-13T14:04:51.280201;;;;;one-off
ufo_280c7028-e47e-4408-a09f-6de6c6807215;bac_9de64361-2a35-488d-b863-a25a210e2d21;51;cash_out_tax_payments;-802770;EUR;2025-08-04;User forecast for cash_out_tax_payments via one-off;-802770;EUR;cancelled;2025-09-13T14:04:51.280209;2025-09-13T14:04:51.280209;;;;;one-off
ufo_4bbafa6a-0390-4e42-b6d5-f41ea914bc1f;bac_9de64361-2a35-488d-b863-a25a210e2d21;3;cash_in_tax_income;0;EUR;2025-01-15;User forecast for cash_in_tax_income via one-off;0;EUR;dismissed;2025-09-13T14:04:51.280221;2025-09-13T14:04:51.280222;;;;;one-off
ufo_d7f4834c-8b15-4d4c-8638-95d4733e39bc;bac_9de64361-2a35-488d-b863-a25a210e2d21;40;cash_in_tax_income;0;EUR;2025-02-17;User forecast for cash_in_tax_income via one-off;0;EUR;dismissed;2025-09-13T14:04:51.280229;2025-09-13T14:04:51.280230;;;;;one-off
ufo_7d6a04aa-d616-4ac1-8333-c77ed81cde5a;bac_9de64361-2a35-488d-b863-a25a210e2d21;1;cash_in_tax_income;0;EUR;2025-03-27;User forecast for cash_in_tax_income via one-off;0;EUR;unverified;2025-09-13T14:04:51.280238;2025-09-13T14:04:51.280239;;;;;one-off
ufo_bcbb314b-550d-427d-8c38-67a75f092dd7;bac_9de64361-2a35-488d-b863-a25a210e2d21;3;cash_in_tax_income;1183530;EUR;2025-04-03;User forecast for cash_in_tax_income via one-off;1183530;EUR;dismissed;2025-09-13T14:04:51.280246;2025-09-13T14:04:51.280247;;;;;one-off
ufo_cf6c6b90-f5f6-4bd4-9da9-6b43f6fa2371;bac_9de64361-2a35-488d-b863-a25a210e2d21;51;cash_in_tax_income;0;EUR;2025-05-02;User forecast for cash_in_tax_income via one-off;0;EUR;unverified;2025-09-13T14:04:51.280255;2025-09-13T14:04:51.280256;;;;;one-off
ufo_90c46d69-6db7-4c2d-878d-6b52236e976e;bac_9de64361-2a35-488d-b863-a25a210e2d21;40;cash_in_tax_income;554490;EUR;2025-06-21;User forecast for cash_in_tax_income via one-off;554490;EUR;unverified;2025-09-13T14:04:51.280263;2025-09-13T14:04:51.280264;;;;;one-off
ufo_556221ad-060c-4b9e-8bec-bace35fd0481;bac_9de64361-2a35-488d-b863-a25a210e2d21;43;cash_in_tax_income;1059050;EUR;2025-07-23;User forecast for cash_in_tax_income via one-off;1059050;EUR;verified;2025-09-13T14:04:51.280272;2025-09-13T14:04:51.280273;;;2;;one-off
ufo_e29f8d81-c0b2-44ff-9be6-28b8f376f5c1;bac_9de64361-2a35-488d-b863-a25a210e2d21;1;cash_in_tax_income;258100;EUR;2025-08-20;User forecast for cash_in_tax_income via one-off;258100;EUR;verified;2025-09-13T14:04:51.280280;2025-09-13T14:04:51.280281;;;45;;one-off
ufo_75f6cb56-71d1-4b44-a51f-c6ea72445355;bac_9de64361-2a35-488d-b863-a25a210e2d21;47;cash_in_resort_revenue;29163;EUR;2025-01-06;User forecast for cash_in_resort_revenue via erp;29163;EUR;verified;2025-09-13T14:04:51.280567;2025-09-13T14:04:51.280567;;;2;;erp
ufo_b6f9ad54-650b-4574-888c-15c6dc626d64;bac_9de64361-2a35-488d-b863-a25a210e2d21;47;cash_in_resort_revenue;0;EUR;2025-01-10;User forecast for cash_in_resort_revenue via erp;0;EUR;cancelled;2025-09-13T14:04:51.280575;2025-09-13T14:04:51.280576;;;;;erp
ufo_b541b657-a22c-4624-9797-8d520113f6bb;bac_9de64361-2a35-488d-b863-a25a210e2d21;3;cash_in_resort_revenue;424572;EUR;2025-01-21;User forecast for cash_in_resort_revenue via erp;424572;EUR;unverified;2025-09-13T14:04:51.280584;2025-09-13T14:04:51.280585;;;;;erp
ufo_5b0570f0-02ed-46bf-b12f-4a06a2d4837b;bac_9de64361-2a35-488d-b863-a25a210e2d21;40;cash_in_resort_revenue;687753;EUR;2025-01-23;User forecast for cash_in_resort_revenue via erp;687753;EUR;dismissed;2025-09-13T14:04:51.280592;2025-09-13T14:04:51.280593;;;;;erp
ufo_b440720c-c64a-468b-843d-433c3b64336f;bac_9de64361-2a35-488d-b863-a25a210e2d21;43;cash_in_resort_revenue;272853;EUR;2025-01-30;User forecast for cash_in_resort_revenue via erp;272853;EUR;unverified;2025-09-13T14:04:51.280600;2025-09-13T14:04:51.280601;;;;;erp
ufo_f171d8c9-6285-47f2-8fb0-81ac45068575;bac_9de64361-2a35-488d-b863-a25a210e2d21;1;cash_in_resort_revenue;263877;EUR;2025-02-11;User forecast for cash_in_resort_revenue via erp;263877;EUR;unverified;2025-09-13T14:04:51.280608;2025-09-13T14:04:51.280609;;;;;erp
ufo_02fab38f-c2b2-490f-a02d-ff41951048ea;bac_9de64361-2a35-488d-b863-a25a210e2d21;51;cash_in_resort_revenue;379614;EUR;2025-02-16;User forecast for cash_in_resort_revenue via erp;379614;EUR;verified;2025-09-13T14:04:51.280617;2025-09-13T14:04:51.280618;;;47;;erp
ufo_92df59ce-acfb-4285-aac1-f79f0dcd220e;bac_9de64361-2a35-488d-b863-a25a210e2d21;3;cash_in_resort_revenue;195255;EUR;2025-02-22;User forecast for cash_in_resort_revenue via erp;195255;EUR;dismissed;2025-09-13T14:04:51.280625;2025-09-13T14:04:51.280626;;;;;erp
ufo_98276299-cdd4-4b9f-8d52-9947f7affea5;bac_9de64361-2a35-488d-b863-a25a210e2d21;45;cash_in_resort_revenue;0;EUR;2025-02-27;User forecast for cash_in_resort_revenue via erp;0;EUR;cancelled;2025-09-13T14:04:51.280633;2025-09-13T14:04:51.280634;;;;;erp
ufo_94c6f629-677d-4242-9286-5b2608cbf28e;bac_9de64361-2a35-488d-b863-a25a210e2d21;40;cash_in_resort_revenue;605589;EUR;2025-03-07;User forecast for cash_in_resort_revenue via erp;605589;EUR;verified;2025-09-13T14:04:51.280640;2025-09-13T14:04:51.280641;;;2;;erp
ufo_10de5ae1-cbe9-4da8-8b5d-c508b8f096aa;bac_9de64361-2a35-488d-b863-a25a210e2d21;3;cash_in_resort_revenue;358020;EUR;2025-03-14;User forecast for cash_in_resort_revenue via erp;358020;EUR;dismissed;2025-09-13T14:04:51.280649;2025-09-13T14:04:51.280650;;;;;erp
ufo_8a966702-af9a-4eeb-adb7-ddf27c1e981c;bac_9de64361-2a35-488d-b863-a25a210e2d21;51;cash_in_resort_revenue;607515;EUR;2025-03-21;User forecast for cash_in_resort_revenue via erp;607515;EUR;unverified;2025-09-13T14:04:51.280657;2025-09-13T14:04:51.280658;;;;;erp
ufo_7384c561-b2b7-4af3-899a-5549adcd3757;bac_9de64361-2a35-488d-b863-a25a210e2d21;3;cash_in_resort_revenue;335850;EUR;2025-03-28;User forecast for cash_in_resort_revenue via erp;335850;EUR;dismissed;2025-09-13T14:04:51.280665;2025-09-13T14:04:51.280666;;;;;erp
ufo_dd77522b-ce58-4d9d-a25f-ac9dd7ad45cd;bac_9de64361-2a35-488d-b863-a25a210e2d21;43;cash_in_resort_revenue;468264;EUR;2025-04-06;User forecast for cash_in_resort_revenue via erp;468264;EUR;cancelled;2025-09-13T14:04:51.280673;2025-09-13T14:04:51.280674;;;;;erp
ufo_6a848b28-f60f-472d-8f5b-306035343c38;bac_9de64361-2a35-488d-b863-a25a210e2d21;43;cash_in_resort_revenue;578223;EUR;2025-04-12;User forecast for cash_in_resort_revenue via erp;578223;EUR;unverified;2025-09-13T14:04:51.280681;2025-09-13T14:04:51.280682;;;;;erp
ufo_dd04a75b-4dc2-44d8-b8d4-1af0f0d327ce;bac_9de64361-2a35-488d-b863-a25a210e2d21;43;cash_in_resort_revenue;610551;EUR;2025-04-19;User forecast for cash_in_resort_revenue via erp;610551;EUR;cancelled;2025-09-13T14:04:51.280688;2025-09-13T14:04:51.280689;;;;;erp
ufo_8e70af39-a7c4-45d6-bbb3-518efe8a9fa6;bac_9de64361-2a35-488d-b863-a25a210e2d21;52;cash_in_resort_revenue;484947;EUR;2025-04-26;User forecast for cash_in_resort_revenue via erp;484947;EUR;verified;2025-09-13T14:04:51.280696;2025-09-13T14:04:51.280697;;;1;;erp
ufo_844a8ae3-f5a5-402f-a441-1d3a9fc8ab0a;bac_9de64361-2a35-488d-b863-a25a210e2d21;47;cash_in_resort_revenue;477483;EUR;2025-05-05;User forecast for cash_in_resort_revenue via erp;477483;EUR;unverified;2025-09-13T14:04:51.280705;2025-09-13T14:04:51.280706;;;;;erp
ufo_c25fc1f6-8f41-4bee-82b3-c65cd9102cf6;bac_9de64361-2a35-488d-b863-a25a210e2d21;2;cash_in_resort_revenue;542955;EUR;2025-05-09;User forecast for cash_in_resort_revenue via erp;542955;EUR;cancelled;2025-09-13T14:04:51.280713;2025-09-13T14:04:51.280714;;;;;erp
ufo_e40be87b-616d-4bb7-b06a-707513ec8406;bac_9de64361-2a35-488d-b863-a25a210e2d21;45;cash_in_resort_revenue;519624;EUR;2025-05-19;User forecast for cash_in_resort_revenue via erp;519624;EUR;dismissed;2025-09-13T14:04:51.280721;2025-09-13T14:04:51.280722;;;;;erp
ufo_04688ebe-4439-4bec-83fc-53790b797155;bac_9de64361-2a35-488d-b863-a25a210e2d21;45;cash_in_resort_revenue;256320;EUR;2025-05-26;User forecast for cash_in_resort_revenue via erp;256320;EUR;cancelled;2025-09-13T14:04:51.280729;2025-09-13T14:04:51.280730;;;;;erp
ufo_485476ea-87bb-4386-9449-a345a17d3a30;bac_9de64361-2a35-488d-b863-a25a210e2d21;1;cash_in_resort_revenue;259185;EUR;2025-06-02;User forecast for cash_in_resort_revenue via erp;259185;EUR;verified;2025-09-13T14:04:51.280736;2025-09-13T14:04:51.280737;;;40;;erp
ufo_7adf0704-dab5-4c32-9921-56fc3a20ceef;bac_9de64361-2a35-488d-b863-a25a210e2d21;47;cash_in_resort_revenue;358641;EUR;2025-06-06;User forecast for cash_in_resort_revenue via erp;358641;EUR;cancelled;2025-09-13T14:04:51.280745;2025-09-13T14:04:51.280746;;;;;erp
ufo_e703190c-4935-4caf-9997-c5783d47ac05;bac_9de64361-2a35-488d-b863-a25a210e2d21;3;cash_in_resort_revenue;789975;EUR;2025-06-11;User forecast for cash_in_resort_revenue via erp;789975;EUR;dismissed;2025-09-13T14:04:51.280753;2025-09-13T14:04:51.280754;;;;;erp
ufo_d44616a2-aba7-4e4e-a4d0-0796db87fd75;bac_9de64361-2a35-488d-b863-a25a210e2d21;47;cash_in_resort_revenue;615639;EUR;2025-06-21;User forecast for cash_in_resort_revenue via erp;615639;EUR;cancelled;2025-09-13T14:04:51.280761;2025-09-13T14:04:51.280762;;;;;erp
ufo_595410cf-3146-4c44-aa49-54fb9594fb71;bac_9de64361-2a35-488d-b863-a25a210e2d21;43;cash_in_resort_revenue;798027;EUR;2025-06-28;User forecast for cash_in_resort_revenue via erp;798027;EUR;cancelled;2025-09-13T14:04:51.280769;2025-09-13T14:04:51.280770;;;;;erp
ufo_d9d8270b-040c-49eb-86c8-62c1dcc9ae68;bac_9de64361-2a35-488d-b863-a25a210e2d21;43;cash_in_resort_revenue;735555;EUR;2025-07-03;User forecast for cash_in_resort_revenue via erp;735555;EUR;unverified;2025-09-13T14:04:51.280777;2025-09-13T14:04:51.280778;;;;;erp
ufo_051a1848-ded1-4008-a659-61450961f881;bac_9de64361-2a35-488d-b863-a25a210e2d21;3;cash_in_resort_revenue;524634;EUR;2025-07-10;User forecast for cash_in_resort_revenue via erp;524634;EUR;dismissed;2025-09-13T14:04:51.280787;2025-09-13T14:04:51.280788;;;;;erp
ufo_cfdae5b1-8da2-4f66-8c6a-ffe49814235a;bac_9de64361-2a35-488d-b863-a25a210e2d21;47;cash_in_resort_revenue;656964;EUR;2025-07-16;User forecast for cash_in_resort_revenue via erp;656964;EUR;dismissed;2025-09-13T14:04:51.280797;2025-09-13T14:04:51.280797;;;;;erp
ufo_37e7d80c-a062-4859-9dfb-0ef65efac7eb;bac_9de64361-2a35-488d-b863-a25a210e2d21;52;cash_in_resort_revenue;606774;EUR;2025-07-29;User forecast for cash_in_resort_revenue via erp;606774;EUR;unverified;2025-09-13T14:04:51.280805;2025-09-13T14:04:51.280806;;;;;erp
ufo_fea800d9-aa8b-4784-b683-ace671217df7;bac_9de64361-2a35-488d-b863-a25a210e2d21;47;cash_in_resort_revenue;583614;EUR;2025-08-01;User forecast for cash_in_resort_revenue via erp;583614;EUR;cancelled;2025-09-13T14:04:51.280812;2025-09-13T14:04:51.280813;;;;;erp
ufo_b7728506-fac8-478b-b8e8-0a6e9033ef41;bac_9de64361-2a35-488d-b863-a25a210e2d21;2;cash_in_resort_revenue;812292;EUR;2025-08-07;User forecast for cash_in_resort_revenue via erp;812292;EUR;unverified;2025-09-13T14:04:51.280821;2025-09-13T14:04:51.280821;;;;;erp
ufo_14095786-d192-419d-b1de-bc252f686ddc;bac_9de64361-2a35-488d-b863-a25a210e2d21;2;cash_in_resort_revenue;1051611;EUR;2025-08-15;User forecast for cash_in_resort_revenue via erp;1051611;EUR;unverified;2025-09-13T14:04:51.280829;2025-09-13T14:04:51.280830;;;;;erp
ufo_87e16579-6d9a-411a-9fc3-46581a23dadc;bac_9de64361-2a35-488d-b863-a25a210e2d21;3;cash_in_resort_revenue;842430;EUR;2025-08-26;User forecast for cash_in_resort_revenue via erp;842430;EUR;verified;2025-09-13T14:04:51.280837;2025-09-13T14:04:51.280838;;;45;;erp
ufo_2ec1a93a-ecab-4a3d-9879-1dc412cdbf65;bac_9de64361-2a35-488d-b863-a25a210e2d21;1;cash_in_resort_revenue;670956;EUR;2025-09-01;User forecast for cash_in_resort_revenue via erp;670956;EUR;unverified;2025-09-13T14:04:51.280845;2025-09-13T14:04:51.280846;;;;;erp
ufo_c3a0ba2f-d80a-499d-96e6-c06a0dec414f;bac_9de64361-2a35-488d-b863-a25a210e2d21;43;cash_in_investments_income;2042;EUR;2025-01-05;User forecast for cash_in_investments_income via file;2042;EUR;verified;2025-09-13T14:04:51.281412;2025-09-13T14:04:51.281413;;;47;upload_38d54c3a-80a2-400b-8065-9106edd3f4bf;file
ufo_12c1a477-8d04-4f99-8658-5495f8d456d6;bac_9de64361-2a35-488d-b863-a25a210e2d21;40;cash_in_investments_income;494070;EUR;2025-01-10;User forecast for cash_in_investments_income via file;494070;EUR;verified;2025-09-13T14:04:51.281424;2025-09-13T14:04:51.281425;;;51;upload_950ceaf0-107a-4878-8f4c-2aa39112a4dd;file
ufo_0443b779-7c12-4c65-a2a5-69345dc3e3ae;bac_9de64361-2a35-488d-b863-a25a210e2d21;1;cash_in_investments_income;0;EUR;2025-01-09;User forecast for cash_in_investments_income via file;0;EUR;cancelled;2025-09-13T14:04:51.281436;2025-09-13T14:04:51.281437;;;;upload_605f089a-7460-44f9-ab95-0d9e0d2cb52b;file
ufo_3bb3ee70-8302-4bc4-8b9c-0433d513a9b5;bac_9de64361-2a35-488d-b863-a25a210e2d21;47;cash_in_investments_income;0;EUR;2025-01-19;User forecast for cash_in_investments_income via file;0;EUR;cancelled;2025-09-13T14:04:51.281449;2025-09-13T14:04:51.281450;;;;upload_0a74e85b-a61c-49b6-a9f5-8e95b53c438a;file
ufo_a04d23bf-aff1-4bef-9ba8-c8c6a39807f9;bac_9de64361-2a35-488d-b863-a25a210e2d21;2;cash_in_investments_income;0;EUR;2025-01-18;User forecast for cash_in_investments_income via file;0;EUR;cancelled;2025-09-13T14:04:51.281463;2025-09-13T14:04:51.281464;;;;upload_b0e1a73a-9671-4ac6-80dd-d2e911ba017e;file
ufo_277e3d44-b408-4333-a340-512ab5f84804;bac_9de64361-2a35-488d-b863-a25a210e2d21;51;cash_in_investments_income;264155;EUR;2025-01-11;User forecast for cash_in_investments_income via file;264155;EUR;verified;2025-09-13T14:04:51.281475;2025-09-13T14:04:51.281476;;;3;upload_e2ecf65f-7f8f-40fd-abcb-04b43905e46b;file
ufo_0251d361-eb49-4e89-95ba-88e124c0fb21;bac_9de64361-2a35-488d-b863-a25a210e2d21;1;cash_in_investments_income;513445;EUR;2025-01-23;User forecast for cash_in_investments_income via file;513445;EUR;dismissed;2025-09-13T14:04:51.281490;2025-09-13T14:04:51.281491;;;;upload_1c24b782-6943-4301-934b-5be06c894931;file
ufo_2900c053-f68c-4646-9fa4-617182f912fb;bac_9de64361-2a35-488d-b863-a25a210e2d21;40;cash_in_investments_income;127195;EUR;2025-01-29;User forecast for cash_in_investments_income via file;127195;EUR;verified;2025-09-13T14:04:51.281501;2025-09-13T14:04:51.281501;;;51;upload_cafa0667-d955-4cd4-a00b-b5c5b84c5658;file
ufo_4b8761ff-fee6-4c3e-a29a-ce2990091889;bac_9de64361-2a35-488d-b863-a25a210e2d21;47;cash_in_investments_income;147752;EUR;2025-01-21;User forecast for cash_in_investments_income via file;147752;EUR;verified;2025-09-13T14:04:51.281510;2025-09-13T14:04:51.281511;;;45;upload_b57dfe69-3dcf-496d-8362-0ed5f66000c5;file
ufo_b4bb587d-78dc-4a01-b6c1-3aed451ba715;bac_9de64361-2a35-488d-b863-a25a210e2d21;45;cash_in_investments_income;72830;EUR;2025-02-05;User forecast for cash_in_investments_income via file;72830;EUR;dismissed;2025-09-13T14:04:51.281520;2025-09-13T14:04:51.281521;;;;upload_7dffd001-63c8-4a46-b2c1-65e5e8a2f072;file
ufo_febbe446-9522-4b67-aae0-9633e0671b8a;bac_9de64361-2a35-488d-b863-a25a210e2d21;2;cash_in_investments_income;159367;EUR;2025-02-01;User forecast for cash_in_investments_income via file;159367;EUR;dismissed;2025-09-13T14:04:51.281530;2025-09-13T14:04:51.281531;;;;upload_2502d2e4-2f2a-444b-b07e-7f1ff212ebbb;file
ufo_7440bb87-a109-40f0-a835-bc8f1d99a992;bac_9de64361-2a35-488d-b863-a25a210e2d21;40;cash_in_investments_income;243287;EUR;2025-02-03;User forecast for cash_in_investments_income via file;243287;EUR;cancelled;2025-09-13T14:04:51.281669;2025-09-13T14:04:51.281672;;;;upload_6551aba1-1c79-40aa-9e6f-562d49f8b1c4;file
ufo_b66da165-9eae-48a2-95be-ec1c4f48007c;bac_9de64361-2a35-488d-b863-a25a210e2d21;51;cash_in_investments_income;156410;EUR;2025-02-15;User forecast for cash_in_investments_income via file;156410;EUR;unverified;2025-09-13T14:04:51.281690;2025-09-13T14:04:51.281691;;;;upload_0d67a600-8fa1-407a-8da7-07c50c0671c6;file
ufo_5753516f-1f50-4ad6-86e1-942c51c6e759;bac_9de64361-2a35-488d-b863-a25a210e2d21;1;cash_in_investments_income;174707;EUR;2025-02-15;User forecast for cash_in_investments_income via file;174707;EUR;cancelled;2025-09-13T14:04:51.281704;2025-09-13T14:04:51.281705;;;;upload_b3271bd0-64cc-4245-9d1d-1a85e88cc356;file
ufo_990523c5-fa4f-46d2-816f-7154d1a3e1e5;bac_9de64361-2a35-488d-b863-a25a210e2d21;47;cash_in_investments_income;243852;EUR;2025-02-16;User forecast for cash_in_investments_income via file;243852;EUR;verified;2025-09-13T14:04:51.281715;2025-09-13T14:04:51.281716;;;2;upload_80792440-78f9-4d3e-9208-59c078020d5d;file
ufo_ad8426b3-e765-4138-8700-d56547dd4d37;bac_9de64361-2a35-488d-b863-a25a210e2d21;45;cash_in_investments_income;0;EUR;2025-02-26;User forecast for cash_in_investments_income via file;0;EUR;verified;2025-09-13T14:04:51.281729;2025-09-13T14:04:51.281730;;;43;upload_f93ebfa4-e7e8-42bd-bbcd-69ee776427cb;file
ufo_7d38ca4e-cd2e-4914-a458-a607c8ce2013;bac_9de64361-2a35-488d-b863-a25a210e2d21;51;cash_in_investments_income;50500;EUR;2025-02-25;User forecast for cash_in_investments_income via file;50500;EUR;verified;2025-09-13T14:04:51.281741;2025-09-13T14:04:51.281742;;;52;upload_f72e524b-4f6a-41a4-8eca-061a4921be19;file
ufo_9a58b6d6-019f-4e34-9277-84b8bbc05a54;bac_9de64361-2a35-488d-b863-a25a210e2d21;2;cash_in_investments_income;126300;EUR;2025-02-26;User forecast for cash_in_investments_income via file;126300;EUR;unverified;2025-09-13T14:04:51.281777;2025-09-13T14:04:51.281779;;;;upload_2c677137-5b2b-4faf-af27-d0f8448571a2;file
ufo_27fedfa9-9420-49a6-921d-437ea7db7599;bac_9de64361-2a35-488d-b863-a25a210e2d21;2;cash_in_investments_income;104035;EUR;2025-03-04;User forecast for cash_in_investments_income via file;104035;EUR;cancelled;2025-09-13T14:04:51.281794;2025-09-13T14:04:51.281796;;;;upload_2e99a1de-90ff-45a0-8c31-d1651d6e072b;file
ufo_c233e1c3-3924-4545-8748-d5be1392089b;bac_9de64361-2a35-488d-b863-a25a210e2d21;45;cash_in_investments_income;0;EUR;2025-03-09;User forecast for cash_in_investments_income via file;0;EUR;verified;2025-09-13T14:04:51.281808;2025-09-13T14:04:51.281809;;;51;upload_db3c3416-5936-4fc7-88ff-f50bb22a0a4f;file
ufo_3a681a8f-5029-4b41-84c0-d2ac03a102ec;bac_9de64361-2a35-488d-b863-a25a210e2d21;45;cash_in_investments_income;40187;EUR;2025-03-07;User forecast for cash_in_investments_income via file;40187;EUR;verified;2025-09-13T14:04:51.281822;2025-09-13T14:04:51.281822;;;3;upload_6ea38b77-fcd1-4b3e-8b72-96f45d06a5e2;file
ufo_ad0df215-1ff4-4a00-9971-33feef6dd887;bac_9de64361-2a35-488d-b863-a25a210e2d21;2;cash_in_investments_income;0;EUR;2025-03-19;User forecast for cash_in_investments_income via file;0;EUR;unverified;2025-09-13T14:04:51.281844;2025-09-13T14:04:51.281845;;;;upload_2ef1113f-127e-46c0-a1f6-6eaa9e270258;file
ufo_a6308ad3-25a2-44d0-bb73-bac32e394505;bac_9de64361-2a35-488d-b863-a25a210e2d21;45;cash_in_investments_income;0;EUR;2025-03-16;User forecast for cash_in_investments_income via file;0;EUR;dismissed;2025-09-13T14:04:51.281855;2025-09-13T14:04:51.281856;;;;upload_e0868767-6e74-4e09-9850-8b4c3eacfe11;file
ufo_0a1286db-710c-41a7-944a-7965546c27e7;bac_9de64361-2a35-488d-b863-a25a210e2d21;40;cash_in_investments_income;295782;EUR;2025-03-21;User forecast for cash_in_investments_income via file;295782;EUR;cancelled;2025-09-13T14:04:51.281875;2025-09-13T14:04:51.281876;;;;upload_fe8ef301-2d0f-4c9b-b170-ff9311e5fdc7;file
ufo_603a6b05-e01d-4e59-8771-b36d29ccc826;bac_9de64361-2a35-488d-b863-a25a210e2d21;2;cash_in_investments_income;0;EUR;2025-03-29;User forecast for cash_in_investments_income via file;0;EUR;unverified;2025-09-13T14:04:51.281889;2025-09-13T14:04:51.281890;;;;upload_be153c0e-2dd1-4fd2-b3e7-411adcce92cd;file
ufo_1a77a1b3-bfeb-47d1-8582-26860c4d6246;bac_9de64361-2a35-488d-b863-a25a210e2d21;40;cash_in_investments_income;0;EUR;2025-03-30;User forecast for cash_in_investments_income via file;0;EUR;dismissed;2025-09-13T14:04:51.281901;2025-09-13T14:04:51.281902;;;;upload_9a90970a-68ea-46d0-a9d7-e05b5b1b897e;file
ufo_344eeceb-a99d-4300-8ffe-557d2ecc6ee5;bac_9de64361-2a35-488d-b863-a25a210e2d21;3;cash_in_investments_income;0;EUR;2025-03-26;User forecast for cash_in_investments_income via file;0;EUR;dismissed;2025-09-13T14:04:51.281921;2025-09-13T14:04:51.281922;;;;upload_8ce1ec5a-3f79-4427-ab84-dc1a2f615d5a;file
ufo_3884719f-a576-4440-b3bb-ddfe2949e4cf;bac_9de64361-2a35-488d-b863-a25a210e2d21;47;cash_in_investments_income;446750;EUR;2025-04-04;User forecast for cash_in_investments_income via file;446750;EUR;verified;2025-09-13T14:04:51.282113;2025-09-13T14:04:51.282115;;;52;upload_588fb082-b363-4ae3-8987-ca5f1e70c41b;file
ufo_354af990-f78a-41f3-a18d-3a340785d113;bac_9de64361-2a35-488d-b863-a25a210e2d21;51;cash_in_investments_income;30087;EUR;2025-04-06;User forecast for cash_in_investments_income via file;30087;EUR;dismissed;2025-09-13T14:04:51.282128;2025-09-13T14:04:51.282129;;;;upload_b2b9fd56-75aa-4cbe-9f11-7a96dfdfbce4;file
ufo_b3da0b69-d636-4b66-8959-bae31c4be146;bac_9de64361-2a35-488d-b863-a25a210e2d21;43;cash_in_investments_income;0;EUR;2025-04-09;User forecast for cash_in_investments_income via file;0;EUR;verified;2025-09-13T14:04:51.282139;2025-09-13T14:04:51.282140;;;45;upload_e96fb757-23f0-4747-92a6-59c1e66010cb;file
ufo_68f804b8-56f4-4058-bed2-04ddd19f5851;bac_9de64361-2a35-488d-b863-a25a210e2d21;52;cash_in_investments_income;236965;EUR;2025-04-11;User forecast for cash_in_investments_income via file;236965;EUR;dismissed;2025-09-13T14:04:51.282152;2025-09-13T14:04:51.282153;;;;upload_2870454d-8472-4b9c-87a5-fb07ad3594eb;file
ufo_b038e038-0ead-4dd0-9b22-686d4d10e1d3;bac_9de64361-2a35-488d-b863-a25a210e2d21;2;cash_in_investments_income;589117;EUR;2025-04-15;User forecast for cash_in_investments_income via file;589117;EUR;dismissed;2025-09-13T14:04:51.282172;2025-09-13T14:04:51.282173;;;;upload_bb9e1546-c012-4015-9297-e4f8595d578b;file
ufo_bb8c2194-27ab-41e0-9cd7-fe62c2779859;bac_9de64361-2a35-488d-b863-a25a210e2d21;2;cash_in_investments_income;151420;EUR;2025-04-12;User forecast for cash_in_investments_income via file;151420;EUR;verified;2025-09-13T14:04:51.282257;2025-09-13T14:04:51.282258;;;51;upload_d0dfd910-7eda-402e-8ce8-47cd7c7cc747;file
ufo_0f8c9a1a-433e-4ac8-9021-273032dc68e5;bac_9de64361-2a35-488d-b863-a25a210e2d21;51;cash_in_investments_income;0;EUR;2025-04-21;User forecast for cash_in_investments_income via file;0;EUR;unverified;2025-09-13T14:04:51.282273;2025-09-13T14:04:51.282273;;;;upload_529a9810-7140-49c3-ba31-853c9c27fed9;file
ufo_d73d41e6-fb29-449d-95b3-5e9ef53d18e6;bac_9de64361-2a35-488d-b863-a25a210e2d21;1;cash_in_investments_income;224147;EUR;2025-04-24;User forecast for cash_in_investments_income via file;224147;EUR;verified;2025-09-13T14:04:51.282308;2025-09-13T14:04:51.282309;;;40;upload_698849f9-3625-4764-98bd-c7e2db27cea6;file
ufo_0672dfb7-44b9-40a0-96d5-f0150dd1e3e4;bac_9de64361-2a35-488d-b863-a25a210e2d21;52;cash_in_investments_income;0;EUR;2025-04-26;User forecast for cash_in_investments_income via file;0;EUR;dismissed;2025-09-13T14:04:51.282323;2025-09-13T14:04:51.282324;;;;upload_8237ee2e-6f6d-471a-8145-5b29e86cdbcd;file
ufo_f4cbc321-17d3-496d-aee6-4c11fde1cb94;bac_9de64361-2a35-488d-b863-a25a210e2d21;47;cash_in_investments_income;61605;EUR;2025-05-04;User forecast for cash_in_investments_income via file;61605;EUR;dismissed;2025-09-13T14:04:51.282414;2025-09-13T14:04:51.282416;;;;upload_f34d5251-dadb-4b9d-b875-d7be8419db5b;file
ufo_c125b609-6f65-4d38-8c52-70c5e936bd29;bac_9de64361-2a35-488d-b863-a25a210e2d21;3;cash_in_investments_income;548487;EUR;2025-05-03;User forecast for cash_in_investments_income via file;548487;EUR;dismissed;2025-09-13T14:04:51.282431;2025-09-13T14:04:51.282432;;;;upload_e47a1fff-e5a0-4c2d-b887-3909bd4b35f6;file
ufo_f6b5e88c-7207-419f-aac1-f922c9afdf72;bac_9de64361-2a35-488d-b863-a25a210e2d21;1;cash_in_investments_income;89435;EUR;2025-05-06;User forecast for cash_in_investments_income via file;89435;EUR;dismissed;2025-09-13T14:04:51.282443;2025-09-13T14:04:51.282444;;;;upload_c2a0898e-1d38-455c-8bac-515ab5e73ac3;file
ufo_24ad8776-aec1-43ab-a3d4-49e7f58f3c79;bac_9de64361-2a35-488d-b863-a25a210e2d21;51;cash_in_investments_income;26942;EUR;2025-05-16;User forecast for cash_in_investments_income via file;26942;EUR;cancelled;2025-09-13T14:04:51.282460;2025-09-13T14:04:51.282461;;;;upload_f4100151-daed-4d76-be5b-7ce7fb1795e8;file
ufo_3ee19ef8-fe05-4779-96ba-98283f46f8f1;bac_9de64361-2a35-488d-b863-a25a210e2d21;47;cash_in_investments_income;5157;EUR;2025-05-16;User forecast for cash_in_investments_income via file;5157;EUR;dismissed;2025-09-13T14:04:51.282521;2025-09-13T14:04:51.282522;;;;upload_cd2c9d20-e84f-4d84-a52d-bd4c6f28831f;file
ufo_cf20b914-173c-4a4e-aea9-fd7c22671f7f;bac_9de64361-2a35-488d-b863-a25a210e2d21;47;cash_in_investments_income;0;EUR;2025-05-16;User forecast for cash_in_investments_income via file;0;EUR;dismissed;2025-09-13T14:04:51.282535;2025-09-13T14:04:51.282537;;;;upload_38b17047-ada2-4bd7-8ed6-d167d7af6081;file
ufo_f65d2f48-76ec-4d8a-aa9e-0982372685a0;bac_9de64361-2a35-488d-b863-a25a210e2d21;3;cash_in_investments_income;128622;EUR;2025-05-26;User forecast for cash_in_investments_income via file;128622;EUR;verified;2025-09-13T14:04:51.282547;2025-09-13T14:04:51.282548;;;3;upload_2972626b-14d0-421e-91f9-6c39d370c25b;file
ufo_f19a6373-d1d1-46fe-9a19-e35c482c7d19;bac_9de64361-2a35-488d-b863-a25a210e2d21;47;cash_in_investments_income;243817;EUR;2025-05-25;User forecast for cash_in_investments_income via file;243817;EUR;dismissed;2025-09-13T14:04:51.282557;2025-09-13T14:04:51.282558;;;;upload_eeb21c56-58c1-4665-aef7-e5861bab810c;file
ufo_8b8bd445-ab72-47ef-be01-e01a5062dbd7;bac_9de64361-2a35-488d-b863-a25a210e2d21;2;cash_in_investments_income;0;EUR;2025-05-23;User forecast for cash_in_investments_income via file;0;EUR;dismissed;2025-09-13T14:04:51.282567;2025-09-13T14:04:51.282567;;;;upload_d76f4029-db4c-4578-bc69-7601c2482e26;file
ufo_37687485-9c98-42eb-a62c-546e5e7339b9;bac_9de64361-2a35-488d-b863-a25a210e2d21;43;cash_in_investments_income;0;EUR;2025-06-08;User forecast for cash_in_investments_income via file;0;EUR;dismissed;2025-09-13T14:04:51.282575;2025-09-13T14:04:51.282576;;;;upload_c7580ed3-0828-4e5e-9ead-9174bc580f67;file
ufo_7f5ca7ce-4d3e-4b61-a7aa-4ce567a646e4;bac_9de64361-2a35-488d-b863-a25a210e2d21;45;cash_in_investments_income;116402;EUR;2025-06-03;User forecast for cash_in_investments_income via file;116402;EUR;verified;2025-09-13T14:04:51.282582;2025-09-13T14:04:51.282583;;;45;upload_9a26d79c-814a-45f1-8703-a87405f971eb;file
ufo_2ec8e784-36ef-448d-8eee-1dbd99a48c4d;bac_9de64361-2a35-488d-b863-a25a210e2d21;1;cash_in_investments_income;533280;EUR;2025-06-02;User forecast for cash_in_investments_income via file;533280;EUR;cancelled;2025-09-13T14:04:51.282590;2025-09-13T14:04:51.282591;;;;upload_308ad34c-8e75-4148-960c-a88a3a9f458d;file
ufo_2e34c386-ab26-4e0c-b806-2b4b95a94b9b;bac_9de64361-2a35-488d-b863-a25a210e2d21;2;cash_in_investments_income;0;EUR;2025-06-14;User forecast for cash_in_investments_income via file;0;EUR;dismissed;2025-09-13T14:04:51.282598;2025-09-13T14:04:51.282598;;;;upload_91947795-9b67-4431-a0e1-6ce70e151232;file
ufo_716a71af-1025-474f-a85f-4db8bb472ef6;bac_9de64361-2a35-488d-b863-a25a210e2d21;52;cash_in_investments_income;0;EUR;2025-06-15;User forecast for cash_in_investments_income via file;0;EUR;unverified;2025-09-13T14:04:51.282607;2025-09-13T14:04:51.282608;;;;upload_f120f908-ff05-49c3-86ca-17135edc4b0d;file
ufo_428829c7-7ba0-4f33-ae5d-40db9967089c;bac_9de64361-2a35-488d-b863-a25a210e2d21;47;cash_in_investments_income;219352;EUR;2025-06-14;User forecast for cash_in_investments_income via file;219352;EUR;dismissed;2025-09-13T14:04:51.282615;2025-09-13T14:04:51.282616;;;;upload_3809ead4-8f60-4825-8466-3d8cee23ab75;file
ufo_f6c9e914-f527-43b3-87e4-c07e8b39a80c;bac_9de64361-2a35-488d-b863-a25a210e2d21;2;cash_in_investments_income;485957;EUR;2025-06-25;User forecast for cash_in_investments_income via file;485957;EUR;unverified;2025-09-13T14:04:51.282623;2025-09-13T14:04:51.282624;;;;upload_7a2ef9de-d82b-4014-9750-9a70e4c6e580;file
ufo_e74d7561-f4a5-44b2-a164-02f71bd92ec2;bac_9de64361-2a35-488d-b863-a25a210e2d21;2;cash_in_investments_income;182342;EUR;2025-06-28;User forecast for cash_in_investments_income via file;182342;EUR;cancelled;2025-09-13T14:04:51.282630;2025-09-13T14:04:51.282631;;;;upload_2466dce8-0df5-45ee-b3a7-1ebb5a7a3e92;file
ufo_738bf467-8cfb-49e8-a9c1-3ed7dd142528;bac_9de64361-2a35-488d-b863-a25a210e2d21;2;cash_in_investments_income;481175;EUR;2025-06-27;User forecast for cash_in_investments_income via file;481175;EUR;verified;2025-09-13T14:04:51.282637;2025-09-13T14:04:51.282638;;;43;upload_10887c8a-f0f2-4bd1-b0a5-2fc19f1625a2;file
ufo_2a63aaef-8d2d-4ac0-8a9e-5482a4bc5745;bac_9de64361-2a35-488d-b863-a25a210e2d21;45;cash_in_investments_income;248415;EUR;2025-07-04;User forecast for cash_in_investments_income via file;248415;EUR;cancelled;2025-09-13T14:04:51.282645;2025-09-13T14:04:51.282646;;;;upload_cb44df9a-e369-47ae-9613-09a42a6b8dd3;file
ufo_d5a58a5b-2dc2-4cdd-87ea-5801a7b9095f;bac_9de64361-2a35-488d-b863-a25a210e2d21;52;cash_in_investments_income;226712;EUR;2025-07-05;User forecast for cash_in_investments_income via file;226712;EUR;dismissed;2025-09-13T14:04:51.282652;2025-09-13T14:04:51.282653;;;;upload_48dc55a9-1f7a-4d1e-b425-71ea36527654;file
ufo_57de7621-363c-4a91-a182-d5fc28f7cde3;bac_9de64361-2a35-488d-b863-a25a210e2d21;45;cash_in_investments_income;0;EUR;2025-07-03;User forecast for cash_in_investments_income via file;0;EUR;dismissed;2025-09-13T14:04:51.282659;2025-09-13T14:04:51.282660;;;;upload_49328c27-3ca6-4378-95f8-f746b29b8620;file
ufo_94a40c11-88c2-4ef6-a7dc-b5ebac728719;bac_9de64361-2a35-488d-b863-a25a210e2d21;43;cash_in_investments_income;121350;EUR;2025-07-16;User forecast for cash_in_investments_income via file;121350;EUR;cancelled;2025-09-13T14:04:51.282667;2025-09-13T14:04:51.282668;;;;upload_5f3ea355-e100-4ee6-94e1-be6dc92341b5;file
ufo_5cf13adb-d358-43cb-b32f-a83fe1ffbdc7;bac_9de64361-2a35-488d-b863-a25a210e2d21;3;cash_in_investments_income;42630;EUR;2025-07-11;User forecast for cash_in_investments_income via file;42630;EUR;verified;2025-09-13T14:04:51.282674;2025-09-13T14:04:51.282675;;;43;upload_4800a8b5-bd82-4849-a32e-28949d0ebced;file
ufo_5f3a82f0-9fcb-48de-978c-5430e95f8f46;bac_9de64361-2a35-488d-b863-a25a210e2d21;1;cash_in_investments_income;34065;EUR;2025-07-13;User forecast for cash_in_investments_income via file;34065;EUR;dismissed;2025-09-13T14:04:51.282681;2025-09-13T14:04:51.282682;;;;upload_1d0caab2-d319-4a27-b910-703fbb35cb17;file
ufo_de9b8984-be26-4fe5-9971-3f046c52a9b1;bac_9de64361-2a35-488d-b863-a25a210e2d21;1;cash_in_investments_income;0;EUR;2025-07-29;User forecast for cash_in_investments_income via file;0;EUR;cancelled;2025-09-13T14:04:51.282689;2025-09-13T14:04:51.282690;;;;upload_0eec1c9d-5b84-4ced-90b7-c248e44da29b;file
ufo_06a2c887-cf0b-4e73-af8f-32ce6c3d8782;bac_9de64361-2a35-488d-b863-a25a210e2d21;51;cash_in_investments_income;56402;EUR;2025-07-29;User forecast for cash_in_investments_income via file;56402;EUR;cancelled;2025-09-13T14:04:51.282697;2025-09-13T14:04:51.282697;;;;upload_9dd45887-a3bf-4c9b-848c-2e87f3292f58;file
ufo_31f411e3-5a3b-46d3-9963-28a56810203d;bac_9de64361-2a35-488d-b863-a25a210e2d21;52;cash_in_investments_income;0;EUR;2025-07-22;User forecast for cash_in_investments_income via file;0;EUR;verified;2025-09-13T14:04:51.282704;2025-09-13T14:04:51.282705;;;52;upload_ec3381c2-de57-4981-9e8f-ec3db389dc08;file
ufo_c3339a07-eea1-4add-8207-038721cb1ce3;bac_9de64361-2a35-488d-b863-a25a210e2d21;43;cash_in_investments_income;252927;EUR;2025-08-01;User forecast for cash_in_investments_income via file;252927;EUR;cancelled;2025-09-13T14:04:51.282714;2025-09-13T14:04:51.282714;;;;upload_8beebb3a-8d38-42fa-94cd-a5e76266500d;file
ufo_5cd4a147-81bb-463c-b817-be5ed775f782;bac_9de64361-2a35-488d-b863-a25a210e2d21;40;cash_in_investments_income;0;EUR;2025-08-08;User forecast for cash_in_investments_income via file;0;EUR;dismissed;2025-09-13T14:04:51.282721;2025-09-13T14:04:51.282722;;;;upload_ca055783-c511-464a-b655-160beda79696;file
ufo_e524818c-d3d0-4090-ae35-7b0005c8d005;bac_9de64361-2a35-488d-b863-a25a210e2d21;47;cash_in_investments_income;0;EUR;2025-07-31;User forecast for cash_in_investments_income via file;0;EUR;verified;2025-09-13T14:04:51.282728;2025-09-13T14:04:51.282729;;;45;upload_916c2936-4611-4c53-b7f4-ee6d81bad727;file
ufo_b4fe43ee-f527-4074-975a-d980b530066a;bac_9de64361-2a35-488d-b863-a25a210e2d21;40;cash_in_investments_income;82637;EUR;2025-08-10;User forecast for cash_in_investments_income via file;82637;EUR;dismissed;2025-09-13T14:04:51.282736;2025-09-13T14:04:51.282737;;;;upload_99d3c5df-0e32-44b4-8986-da0a383a9257;file
ufo_98a05d51-f8d2-4c42-8d4a-2e43ea962b52;bac_9de64361-2a35-488d-b863-a25a210e2d21;52;cash_in_investments_income;0;EUR;2025-08-16;User forecast for cash_in_investments_income via file;0;EUR;cancelled;2025-09-13T14:04:51.282743;2025-09-13T14:04:51.282744;;;;upload_18c404d5-5e29-4923-9348-7611b4efe93a;file
ufo_49299951-c837-4bc9-ae88-498e4a34dbbd;bac_9de64361-2a35-488d-b863-a25a210e2d21;2;cash_in_investments_income;0;EUR;2025-08-15;User forecast for cash_in_investments_income via file;0;EUR;verified;2025-09-13T14:04:51.282751;2025-09-13T14:04:51.282751;;;47;upload_018c86cc-1b28-46a4-8c8c-593f3e8fc168;file
ufo_05a2436e-b0ec-42e3-ae09-e8a8fb9d06ee;bac_9de64361-2a35-488d-b863-a25a210e2d21;47;cash_in_investments_income;0;EUR;2025-08-28;User forecast for cash_in_investments_income via file;0;EUR;verified;2025-09-13T14:04:51.282758;2025-09-13T14:04:51.282759;;;1;upload_2b172833-e501-46f5-b98d-ccf1d642fb44;file
ufo_51373874-2e87-4006-8748-73a316ea7828;bac_9de64361-2a35-488d-b863-a25a210e2d21;40;cash_in_investments_income;0;EUR;2025-08-28;User forecast for cash_in_investments_income via file;0;EUR;unverified;2025-09-13T14:04:51.282766;2025-09-13T14:04:51.282766;;;;upload_9c0f42b9-6726-4375-bab5-b9a866afc10e;file
ufo_5a84eadb-1db5-446e-b6a3-a2cd87f473d3;bac_9de64361-2a35-488d-b863-a25a210e2d21;52;cash_in_investments_income;228077;EUR;2025-08-20;User forecast for cash_in_investments_income via file;228077;EUR;cancelled;2025-09-13T14:04:51.282773;2025-09-13T14:04:51.282774;;;;upload_8eed8204-3b8a-4fa2-91c9-2aac3d67ef2d;file
ufo_efb0c51a-c8b7-4dfc-a314-407647890d69;bac_9de64361-2a35-488d-b863-a25a210e2d21;40;cash_out_investments_outflow;-3750;EUR;2025-01-10;User forecast for cash_out_investments_outflow via file;-3750;EUR;cancelled;2025-09-13T14:04:51.282783;2025-09-13T14:04:51.282784;;;;upload_57eaafc4-203d-4392-8c4c-5fce13de9801;file
ufo_28f89aa8-7491-46aa-9683-7495a254d1e7;bac_9de64361-2a35-488d-b863-a25a210e2d21;2;cash_out_investments_outflow;-38585;EUR;2025-01-05;User forecast for cash_out_investments_outflow via file;-38585;EUR;unverified;2025-09-13T14:04:51.282791;2025-09-13T14:04:51.282791;;;;upload_df7387a0-8bdf-413c-8015-3e1f479ea8ea;file
ufo_538c0f89-b09a-4d38-95f5-d071a94d43fb;bac_9de64361-2a35-488d-b863-a25a210e2d21;47;cash_out_investments_outflow;-26402;EUR;2025-01-08;User forecast for cash_out_investments_outflow via file;-26402;EUR;dismissed;2025-09-13T14:04:51.282798;2025-09-13T14:04:51.282799;;;;upload_32957af8-0228-430f-b497-4157110b7384;file
ufo_73d46722-fd5e-4592-a3cf-890f1442ac39;bac_9de64361-2a35-488d-b863-a25a210e2d21;47;cash_out_investments_outflow;0;EUR;2025-01-19;User forecast for cash_out_investments_outflow via file;0;EUR;unverified;2025-09-13T14:04:51.282806;2025-09-13T14:04:51.282807;;;;upload_e67e6626-f511-445c-a48b-606ddb63f5eb;file
ufo_e4bfb5d8-ea98-479f-99fb-1d186e2e468d;bac_9de64361-2a35-488d-b863-a25a210e2d21;3;cash_out_investments_outflow;27160;EUR;2025-01-17;User forecast for cash_out_investments_outflow via file;27160;EUR;verified;2025-09-13T14:04:51.282813;2025-09-13T14:04:51.282814;;;43;upload_ff848621-4387-41cc-a2e8-19ebb4e27fd2;file
ufo_cd295af4-4f34-4432-99c5-80d7f981be4a;bac_9de64361-2a35-488d-b863-a25a210e2d21;40;cash_out_investments_outflow;0;EUR;2025-01-19;User forecast for cash_out_investments_outflow via file;0;EUR;dismissed;2025-09-13T14:04:51.282821;2025-09-13T14:04:51.282822;;;;upload_05996342-574a-4a0e-aaca-2dca278a5110;file
ufo_65a81703-1462-4ae7-a10d-d5da429de913;bac_9de64361-2a35-488d-b863-a25a210e2d21;1;cash_out_investments_outflow;-281077;EUR;2025-01-27;User forecast for cash_out_investments_outflow via file;-281077;EUR;cancelled;2025-09-13T14:04:51.282831;2025-09-13T14:04:51.282831;;;;upload_420f3b61-6b8e-4869-9dc6-7d2b4c24fb8d;file
ufo_53be2acf-4e5a-4053-b7a8-33b3d6430bd3;bac_9de64361-2a35-488d-b863-a25a210e2d21;47;cash_out_investments_outflow;-21135;EUR;2025-01-29;User forecast for cash_out_investments_outflow via file;-21135;EUR;verified;2025-09-13T14:04:51.282840;2025-09-13T14:04:51.282841;;;2;upload_dd8c6271-9372-4561-9fda-76314249be66;file
ufo_88b875c2-d5ac-4f05-840b-4d8ad0e6c937;bac_9de64361-2a35-488d-b863-a25a210e2d21;3;cash_out_investments_outflow;-112110;EUR;2025-01-24;User forecast for cash_out_investments_outflow via file;-112110;EUR;verified;2025-09-13T14:04:51.282849;2025-09-13T14:04:51.282850;;;1;upload_c3989a1c-4746-4d86-9c34-0aab48ebb039;file
ufo_a99743cb-25f7-4059-846e-9e1162987de0;bac_9de64361-2a35-488d-b863-a25a210e2d21;40;cash_out_investments_outflow;-78147;EUR;2025-02-02;User forecast for cash_out_investments_outflow via file;-78147;EUR;verified;2025-09-13T14:04:51.282858;2025-09-13T14:04:51.282859;;;45;upload_b3887c9d-0af2-400c-bd50-6b00563f7e8e;file
ufo_648d361c-bd3e-4925-9ceb-97309a7af73f;bac_9de64361-2a35-488d-b863-a25a210e2d21;52;cash_out_investments_outflow;-32645;EUR;2025-01-31;User forecast for cash_out_investments_outflow via file;-32645;EUR;cancelled;2025-09-13T14:04:51.282868;2025-09-13T14:04:51.282868;;;;upload_97c3c691-2665-43f4-972f-499f55419504;file
ufo_a746a982-116c-4096-bf25-942131e84955;bac_9de64361-2a35-488d-b863-a25a210e2d21;3;cash_out_investments_outflow;-125897;EUR;2025-02-01;User forecast for cash_out_investments_outflow via file;-125897;EUR;unverified;2025-09-13T14:04:51.282879;2025-09-13T14:04:51.282880;;;;upload_3c956b5b-de45-4a03-b3d0-131a3fd54c76;file
ufo_da663fd4-f766-4ca3-be30-a86982cafdc2;bac_9de64361-2a35-488d-b863-a25a210e2d21;1;cash_out_investments_outflow;-3750;EUR;2025-02-10;User forecast for cash_out_investments_outflow via file;-3750;EUR;cancelled;2025-09-13T14:04:51.282890;2025-09-13T14:04:51.282890;;;;upload_043af8de-8f6a-4175-a27c-aed07416133b;file
ufo_e5a21711-dafa-402f-acdd-33531168c64a;bac_9de64361-2a35-488d-b863-a25a210e2d21;45;cash_out_investments_outflow;-53727;EUR;2025-02-17;User forecast for cash_out_investments_outflow via file;-53727;EUR;cancelled;2025-09-13T14:04:51.282897;2025-09-13T14:04:51.282897;;;;upload_a5a7758e-6fc8-45bf-b91e-b8bf47822242;file
ufo_de6b0da1-7b72-4018-870b-54c38aeb5eba;bac_9de64361-2a35-488d-b863-a25a210e2d21;1;cash_out_investments_outflow;-3750;EUR;2025-02-12;User forecast for cash_out_investments_outflow via file;-3750;EUR;cancelled;2025-09-13T14:04:51.282904;2025-09-13T14:04:51.282905;;;;upload_e9c5f31b-9089-462c-a6c6-852ae92d80d3;file
ufo_93f657f9-fa5f-494c-b192-22720107a56f;bac_9de64361-2a35-488d-b863-a25a210e2d21;47;cash_out_investments_outflow;-136625;EUR;2025-03-01;User forecast for cash_out_investments_outflow via file;-136625;EUR;cancelled;2025-09-13T14:04:51.282911;2025-09-13T14:04:51.282912;;;;upload_e88c96db-a769-47d5-a44a-bf6899a62fc5;file
ufo_c1e75b02-7898-4f79-b799-0e3efc69e555;bac_9de64361-2a35-488d-b863-a25a210e2d21;1;cash_out_investments_outflow;-237170;EUR;2025-02-27;User forecast for cash_out_investments_outflow via file;-237170;EUR;dismissed;2025-09-13T14:04:51.282918;2025-09-13T14:04:51.282919;;;;upload_e8f367a9-cf9b-4fcd-9742-1e5bed82aea2;file
ufo_339d31c9-5372-4457-894b-6f08e8f9d542;bac_9de64361-2a35-488d-b863-a25a210e2d21;51;cash_out_investments_outflow;-170412;EUR;2025-02-25;User forecast for cash_out_investments_outflow via file;-170412;EUR;verified;2025-09-13T14:04:51.282925;2025-09-13T14:04:51.282926;;;3;upload_36f8af40-497d-4677-a8e3-4b8e5d22fa92;file
ufo_0f68c1bd-e8d0-4e4b-a013-e38b22f67607;bac_9de64361-2a35-488d-b863-a25a210e2d21;52;cash_out_investments_outflow;270497;EUR;2025-03-10;User forecast for cash_out_investments_outflow via file;270497;EUR;verified;2025-09-13T14:04:51.282933;2025-09-13T14:04:51.282934;;;45;upload_8883f5f1-6c61-4045-b2aa-4e2e48df6159;file
ufo_ee1af819-30ae-4b2a-9670-17ac803e8312;bac_9de64361-2a35-488d-b863-a25a210e2d21;40;cash_out_investments_outflow;179242;EUR;2025-03-09;User forecast for cash_out_investments_outflow via file;179242;EUR;unverified;2025-09-13T14:04:51.282940;2025-09-13T14:04:51.282941;;;;upload_fbe688fc-b84d-4a1f-bcee-e67455da2420;file
ufo_9e28a170-e369-4ef9-aa19-4d22e1e57bbf;bac_9de64361-2a35-488d-b863-a25a210e2d21;47;cash_out_investments_outflow;227507;EUR;2025-03-05;User forecast for cash_out_investments_outflow via file;227507;EUR;verified;2025-09-13T14:04:51.282947;2025-09-13T14:04:51.282948;;;52;upload_5f268369-f8da-4f0b-b0eb-fe3a62173757;file
ufo_53e23169-4a27-48d8-804d-c54c7058e687;bac_9de64361-2a35-488d-b863-a25a210e2d21;43;cash_out_investments_outflow;-3750;EUR;2025-03-17;User forecast for cash_out_investments_outflow via file;-3750;EUR;cancelled;2025-09-13T14:04:51.282955;2025-09-13T14:04:51.282956;;;;upload_d28c24f0-3133-4db0-adcc-05b6d4c6688f;file
ufo_5fc0c6e4-20e3-4dea-a706-87e8bcb9912e;bac_9de64361-2a35-488d-b863-a25a210e2d21;2;cash_out_investments_outflow;-124932;EUR;2025-03-14;User forecast for cash_out_investments_outflow via file;-124932;EUR;unverified;2025-09-13T14:04:51.282962;2025-09-13T14:04:51.282963;;;;upload_f23219bc-de42-45ec-845a-ee997a126af5;file
ufo_d4ab0f9f-03ca-46d4-a57b-99de0145680a;bac_9de64361-2a35-488d-b863-a25a210e2d21;52;cash_out_investments_outflow;-3750;EUR;2025-03-17;User forecast for cash_out_investments_outflow via file;-3750;EUR;unverified;2025-09-13T14:04:51.282969;2025-09-13T14:04:51.282970;;;;upload_39117f68-3163-4c3d-94c8-b688cc81e0ec;file
ufo_d74941bf-6599-466a-8af0-f881c7b0c3a2;bac_9de64361-2a35-488d-b863-a25a210e2d21;47;cash_out_investments_outflow;14217;EUR;2025-03-24;User forecast for cash_out_investments_outflow via file;14217;EUR;cancelled;2025-09-13T14:04:51.282977;2025-09-13T14:04:51.282977;;;;upload_066dbbdd-8735-487a-ad46-0dbabb28b34d;file
ufo_d9292ea3-ad0a-4579-b414-ed87c4a68aee;bac_9de64361-2a35-488d-b863-a25a210e2d21;2;cash_out_investments_outflow;123662;EUR;2025-03-22;User forecast for cash_out_investments_outflow via file;123662;EUR;unverified;2025-09-13T14:04:51.282984;2025-09-13T14:04:51.282984;;;;upload_abe377b2-8d76-4447-aa37-249aa726c974;file
ufo_251a8b24-4727-4360-9cab-0095482066e4;bac_9de64361-2a35-488d-b863-a25a210e2d21;40;cash_out_investments_outflow;0;EUR;2025-03-27;User forecast for cash_out_investments_outflow via file;0;EUR;cancelled;2025-09-13T14:04:51.282991;2025-09-13T14:04:51.282991;;;;upload_a4837462-dc2c-4a37-bfeb-3cb1cf50638b;file
ufo_8ad8877f-1fb1-4d64-8aea-dd07cc4535e2;bac_9de64361-2a35-488d-b863-a25a210e2d21;3;cash_out_investments_outflow;-20065;EUR;2025-04-02;User forecast for cash_out_investments_outflow via file;-20065;EUR;verified;2025-09-13T14:04:51.282998;2025-09-13T14:04:51.282998;;;51;upload_4510bcac-bc5c-4a5a-8a5e-6030f30bf02a;file
ufo_9c2e2d59-2ab7-4b70-b9b6-027fc34ae2fc;bac_9de64361-2a35-488d-b863-a25a210e2d21;52;cash_out_investments_outflow;-23947;EUR;2025-04-08;User forecast for cash_out_investments_outflow via file;-23947;EUR;cancelled;2025-09-13T14:04:51.283005;2025-09-13T14:04:51.283006;;;;upload_99b01e0f-6582-43ac-8376-7a04fbb7356c;file
ufo_368388cf-b216-4371-94ed-59307202b6fc;bac_9de64361-2a35-488d-b863-a25a210e2d21;2;cash_out_investments_outflow;-3750;EUR;2025-04-06;User forecast for cash_out_investments_outflow via file;-3750;EUR;verified;2025-09-13T14:04:51.283012;2025-09-13T14:04:51.283013;;;51;upload_db55eb39-c25f-4373-bf5d-594a7b028369;file
ufo_de879914-c246-4053-8106-2e72a3372ddf;bac_9de64361-2a35-488d-b863-a25a210e2d21;52;cash_out_investments_outflow;-3750;EUR;2025-04-19;User forecast for cash_out_investments_outflow via file;-3750;EUR;dismissed;2025-09-13T14:04:51.283019;2025-09-13T14:04:51.283020;;;;upload_8ae888cc-f182-4922-bc58-64b10a7c6084;file
ufo_7eb715e5-bfa0-4bfb-8e22-4e1067d127f3;bac_9de64361-2a35-488d-b863-a25a210e2d21;45;cash_out_investments_outflow;-19935;EUR;2025-04-13;User forecast for cash_out_investments_outflow via file;-19935;EUR;dismissed;2025-09-13T14:04:51.283026;2025-09-13T14:04:51.283027;;;;upload_14000d5b-fbaf-4010-bcc5-234a4651610a;file
ufo_1666576a-810b-4116-8db7-33476077ce49;bac_9de64361-2a35-488d-b863-a25a210e2d21;43;cash_out_investments_outflow;-14250;EUR;2025-04-13;User forecast for cash_out_investments_outflow via file;-14250;EUR;unverified;2025-09-13T14:04:51.283033;2025-09-13T14:04:51.283034;;;;upload_ce81276e-2ba6-48c0-8f8f-3b2ec1f9c698;file
ufo_f0ca3df4-9dc7-40c4-9f57-9a683cc8197f;bac_9de64361-2a35-488d-b863-a25a210e2d21;45;cash_out_investments_outflow;-3750;EUR;2025-04-28;User forecast for cash_out_investments_outflow via file;-3750;EUR;cancelled;2025-09-13T14:04:51.283040;2025-09-13T14:04:51.283041;;;;upload_60c5adb0-21a2-41d5-93ca-675168a1fdb5;file
ufo_59d9e483-4d10-4ea3-bb41-465602353ecb;bac_9de64361-2a35-488d-b863-a25a210e2d21;45;cash_out_investments_outflow;-3750;EUR;2025-04-23;User forecast for cash_out_investments_outflow via file;-3750;EUR;verified;2025-09-13T14:04:51.283047;2025-09-13T14:04:51.283048;;;3;upload_e4100302-32d3-4e9f-949b-8842d13bb5ba;file
ufo_e367c78f-3dd5-4435-9c5f-a1847eff5701;bac_9de64361-2a35-488d-b863-a25a210e2d21;3;cash_out_investments_outflow;-361872;EUR;2025-04-21;User forecast for cash_out_investments_outflow via file;-361872;EUR;dismissed;2025-09-13T14:04:51.283055;2025-09-13T14:04:51.283055;;;;upload_796be098-c589-4a9f-be44-c64b00d76eb5;file
ufo_3a787184-23eb-4b18-aa6f-6b7b6fb14426;bac_9de64361-2a35-488d-b863-a25a210e2d21;2;cash_out_investments_outflow;-219312;EUR;2025-05-04;User forecast for cash_out_investments_outflow via file;-219312;EUR;cancelled;2025-09-13T14:04:51.283062;2025-09-13T14:04:51.283063;;;;upload_7d7f0b6c-bcd7-4799-8aa3-d23837affdb4;file
ufo_187c97b7-5d5a-400b-85b3-03a80049ead4;bac_9de64361-2a35-488d-b863-a25a210e2d21;2;cash_out_investments_outflow;-3750;EUR;2025-05-04;User forecast for cash_out_investments_outflow via file;-3750;EUR;unverified;2025-09-13T14:04:51.283070;2025-09-13T14:04:51.283071;;;;upload_3cf2a51d-3e69-411a-8a94-2bef6931701b;file
ufo_7eb8b388-f560-47e3-a224-be9de7912583;bac_9de64361-2a35-488d-b863-a25a210e2d21;51;cash_out_investments_outflow;-3750;EUR;2025-05-07;User forecast for cash_out_investments_outflow via file;-3750;EUR;verified;2025-09-13T14:04:51.283078;2025-09-13T14:04:51.283079;;;3;upload_06177b15-0410-41e2-bb4b-98d6851d82d9;file
ufo_43b84cf7-98c2-4f6a-b453-6c26db652f5a;bac_9de64361-2a35-488d-b863-a25a210e2d21;1;cash_out_investments_outflow;49265;EUR;2025-05-14;User forecast for cash_out_investments_outflow via file;49265;EUR;unverified;2025-09-13T14:04:51.283087;2025-09-13T14:04:51.283087;;;;upload_5b47800f-a559-4761-8145-2ac5452733c6;file
ufo_5f2a5fcd-5641-4db9-bb47-f71338840eb1;bac_9de64361-2a35-488d-b863-a25a210e2d21;43;cash_out_investments_outflow;125155;EUR;2025-05-17;User forecast for cash_out_investments_outflow via file;125155;EUR;cancelled;2025-09-13T14:04:51.283095;2025-09-13T14:04:51.283096;;;;upload_8a9b887c-d3fd-474e-92de-047641a5c30e;file
ufo_3be9ab3a-b935-491e-a29c-2bc29af52a24;bac_9de64361-2a35-488d-b863-a25a210e2d21;47;cash_out_investments_outflow;40122;EUR;2025-05-17;User forecast for cash_out_investments_outflow via file;40122;EUR;unverified;2025-09-13T14:04:51.283103;2025-09-13T14:04:51.283104;;;;upload_e861d506-46fb-4c11-a60a-c9ac36d9f5b4;file
ufo_8e437147-ce30-4cca-845c-752b3f74a372;bac_9de64361-2a35-488d-b863-a25a210e2d21;51;cash_out_investments_outflow;-142365;EUR;2025-05-28;User forecast for cash_out_investments_outflow via file;-142365;EUR;verified;2025-09-13T14:04:51.283111;2025-09-13T14:04:51.283112;;;1;upload_dfe1b42a-61d7-4957-ad28-9e594dd343a4;file
ufo_35f5aedc-c79d-4d25-a6d7-d23679add2c9;bac_9de64361-2a35-488d-b863-a25a210e2d21;1;cash_out_investments_outflow;-3750;EUR;2025-05-23;User forecast for cash_out_investments_outflow via file;-3750;EUR;verified;2025-09-13T14:04:51.283119;2025-09-13T14:04:51.283119;;;43;upload_d2451fb4-5835-4b73-9c52-62c01898f3ca;file
ufo_78e693aa-51c5-42d0-a4fe-648458febefa;bac_9de64361-2a35-488d-b863-a25a210e2d21;1;cash_out_investments_outflow;-33582;EUR;2025-05-25;User forecast for cash_out_investments_outflow via file;-33582;EUR;unverified;2025-09-13T14:04:51.283128;2025-09-13T14:04:51.283129;;;;upload_ec7467fc-de3e-4e72-aa0b-b8351fa1be3b;file
ufo_f87a5138-f4b1-4c86-9079-04bba18311d1;bac_9de64361-2a35-488d-b863-a25a210e2d21;51;cash_out_investments_outflow;0;EUR;2025-06-01;User forecast for cash_out_investments_outflow via file;0;EUR;dismissed;2025-09-13T14:04:51.283136;2025-09-13T14:04:51.283136;;;;upload_24397b03-b4f1-43f5-91d4-29ab2ede8c8a;file
ufo_4b5c404e-6d8e-4aa8-9952-4719474875bd;bac_9de64361-2a35-488d-b863-a25a210e2d21;47;cash_out_investments_outflow;129442;EUR;2025-06-03;User forecast for cash_out_investments_outflow via file;129442;EUR;dismissed;2025-09-13T14:04:51.283143;2025-09-13T14:04:51.283144;;;;upload_26ca085f-0ea9-4c2c-b846-6e2e1d1aab37;file
ufo_2ad41aed-6f1a-4c60-8d47-40de717d7b76;bac_9de64361-2a35-488d-b863-a25a210e2d21;2;cash_out_investments_outflow;122067;EUR;2025-06-05;User forecast for cash_out_investments_outflow via file;122067;EUR;verified;2025-09-13T14:04:51.283152;2025-09-13T14:04:51.283152;;;2;upload_a320e2b7-e333-423c-999f-57daf6eca10f;file
ufo_f705784d-91f1-4eb6-9780-cef115ac2f91;bac_9de64361-2a35-488d-b863-a25a210e2d21;51;cash_out_investments_outflow;-3750;EUR;2025-06-18;User forecast for cash_out_investments_outflow via file;-3750;EUR;cancelled;2025-09-13T14:04:51.283159;2025-09-13T14:04:51.283160;;;;upload_bb2870fc-ffbb-4b99-9608-5ad776610ffc;file
ufo_b49c4dbf-ac52-48f6-ad02-33adc956555f;bac_9de64361-2a35-488d-b863-a25a210e2d21;51;cash_out_investments_outflow;-3750;EUR;2025-06-16;User forecast for cash_out_investments_outflow via file;-3750;EUR;verified;2025-09-13T14:04:51.283166;2025-09-13T14:04:51.283167;;;52;upload_a299d62e-44db-4fc4-afe9-39a40a506b47;file
ufo_1684775f-74e7-4992-8bc8-22aad81d52e0;bac_9de64361-2a35-488d-b863-a25a210e2d21;40;cash_out_investments_outflow;-3750;EUR;2025-06-15;User forecast for cash_out_investments_outflow via file;-3750;EUR;cancelled;2025-09-13T14:04:51.283174;2025-09-13T14:04:51.283174;;;;upload_a256af3b-140f-4673-a71d-82e1b18c3577;file
ufo_1797d476-9e3b-4d8e-a50c-19cdbd47dece;bac_9de64361-2a35-488d-b863-a25a210e2d21;2;cash_out_investments_outflow;-3750;EUR;2025-06-22;User forecast for cash_out_investments_outflow via file;-3750;EUR;unverified;2025-09-13T14:04:51.283181;2025-09-13T14:04:51.283181;;;;upload_ec7a056b-f7e3-493e-b826-491c02407e78;file
ufo_c4d99c8a-9e51-40ef-be2e-3b4bb1bceca6;bac_9de64361-2a35-488d-b863-a25a210e2d21;1;cash_out_investments_outflow;-3750;EUR;2025-06-20;User forecast for cash_out_investments_outflow via file;-3750;EUR;cancelled;2025-09-13T14:04:51.283189;2025-09-13T14:04:51.283189;;;;upload_e964df0e-20a3-4497-a400-1188a453fa69;file
ufo_fc62da9b-648c-465e-bf69-549b2bded6f1;bac_9de64361-2a35-488d-b863-a25a210e2d21;3;cash_out_investments_outflow;-64960;EUR;2025-06-23;User forecast for cash_out_investments_outflow via file;-64960;EUR;verified;2025-09-13T14:04:51.283196;2025-09-13T14:04:51.283196;;;43;upload_8f4e4b4c-9bc3-4892-a930-2dbeb8bf6efe;file
ufo_0eb43c27-6c1d-437a-a4fc-74025a42dff9;bac_9de64361-2a35-488d-b863-a25a210e2d21;45;cash_out_investments_outflow;-124650;EUR;2025-07-01;User forecast for cash_out_investments_outflow via file;-124650;EUR;unverified;2025-09-13T14:04:51.283210;2025-09-13T14:04:51.283211;;;;upload_6273eb22-ec9e-420c-a2cc-bdbcbfa6c34d;file
ufo_4746fca2-491a-426a-9742-3e84aca7bc86;bac_9de64361-2a35-488d-b863-a25a210e2d21;1;cash_out_investments_outflow;-3750;EUR;2025-06-30;User forecast for cash_out_investments_outflow via file;-3750;EUR;cancelled;2025-09-13T14:04:51.283218;2025-09-13T14:04:51.283218;;;;upload_77c2fd36-c881-4bcf-a4f3-f1fa3ecdf260;file
ufo_5d7281ee-5887-4c7c-b222-46b100a9c618;bac_9de64361-2a35-488d-b863-a25a210e2d21;40;cash_out_investments_outflow;-84867;EUR;2025-07-08;User forecast for cash_out_investments_outflow via file;-84867;EUR;unverified;2025-09-13T14:04:51.283225;2025-09-13T14:04:51.283226;;;;upload_b4997e43-04cf-4f52-870c-cbf8c6b62680;file
ufo_e0da31bf-d5c2-406d-b23f-7f08a7fc5a50;bac_9de64361-2a35-488d-b863-a25a210e2d21;52;cash_out_investments_outflow;-35262;EUR;2025-07-15;User forecast for cash_out_investments_outflow via file;-35262;EUR;unverified;2025-09-13T14:04:51.283232;2025-09-13T14:04:51.283233;;;;upload_35150ace-9a3a-440f-a6ff-3029307157e6;file
ufo_6e3f2550-ff9a-4f78-85d0-7140fcfd75f7;bac_9de64361-2a35-488d-b863-a25a210e2d21;47;cash_out_investments_outflow;-222357;EUR;2025-07-14;User forecast for cash_out_investments_outflow via file;-222357;EUR;verified;2025-09-13T14:04:51.283239;2025-09-13T14:04:51.283240;;;40;upload_dc045ea7-43e2-4b11-a325-848aaf9220b3;file
ufo_7d10e458-1e92-49bc-966a-bfe23a156a2d;bac_9de64361-2a35-488d-b863-a25a210e2d21;3;cash_out_investments_outflow;-3750;EUR;2025-07-10;User forecast for cash_out_investments_outflow via file;-3750;EUR;cancelled;2025-09-13T14:04:51.283246;2025-09-13T14:04:51.283247;;;;upload_4ac9cef4-67ec-4908-9669-f8f920e9c9af;file
ufo_f7988ad7-aefa-4134-bcd1-c789e4797a51;bac_9de64361-2a35-488d-b863-a25a210e2d21;52;cash_out_investments_outflow;0;EUR;2025-07-28;User forecast for cash_out_investments_outflow via file;0;EUR;unverified;2025-09-13T14:04:51.283254;2025-09-13T14:04:51.283254;;;;upload_187da1a7-6f25-4682-88f1-612507cb7b13;file
ufo_fc1f2588-d9d5-4bc2-b25f-cd5b983586a9;bac_9de64361-2a35-488d-b863-a25a210e2d21;1;cash_out_investments_outflow;0;EUR;2025-07-25;User forecast for cash_out_investments_outflow via file;0;EUR;cancelled;2025-09-13T14:04:51.283261;2025-09-13T14:04:51.283261;;;;upload_23ecef11-55d5-4cd1-8359-a1202e0f4fff;file
ufo_92aff794-f1ad-433b-91cf-665519035ba9;bac_9de64361-2a35-488d-b863-a25a210e2d21;47;cash_out_investments_outflow;0;EUR;2025-07-26;User forecast for cash_out_investments_outflow via file;0;EUR;unverified;2025-09-13T14:04:51.283268;2025-09-13T14:04:51.283268;;;;upload_d521a61c-e2f4-472e-8236-f8829795409d;file
ufo_e0120e7b-6ed6-4abf-8c1e-45d8ea65b7d4;bac_9de64361-2a35-488d-b863-a25a210e2d21;47;cash_out_investments_outflow;-119255;EUR;2025-08-04;User forecast for cash_out_investments_outflow via file;-119255;EUR;verified;2025-09-13T14:04:51.283275;2025-09-13T14:04:51.283275;;;51;upload_3fd208c8-ad42-4a89-bea3-e548226aba74;file
ufo_0a3702df-f6fd-4f45-b9f3-f15149ffbb3b;bac_9de64361-2a35-488d-b863-a25a210e2d21;52;cash_out_investments_outflow;-366977;EUR;2025-08-07;User forecast for cash_out_investments_outflow via file;-366977;EUR;cancelled;2025-09-13T14:04:51.283282;2025-09-13T14:04:51.283283;;;;upload_9c1603dc-d745-4c26-b5ac-7fe7a9235bea;file
ufo_2b1c1f44-bca6-4cb8-9616-585ac4226430;bac_9de64361-2a35-488d-b863-a25a210e2d21;2;cash_out_investments_outflow;-368367;EUR;2025-08-08;User forecast for cash_out_investments_outflow via file;-368367;EUR;dismissed;2025-09-13T14:04:51.283289;2025-09-13T14:04:51.283290;;;;upload_3514d0a0-19d5-498e-bba6-41104491628e;file
ufo_68ae3fa4-694f-4479-82f6-25cfcea9f947;bac_9de64361-2a35-488d-b863-a25a210e2d21;47;cash_out_investments_outflow;0;EUR;2025-08-17;User forecast for cash_out_investments_outflow via file;0;EUR;dismissed;2025-09-13T14:04:51.283296;2025-09-13T14:04:51.283297;;;;upload_3ab3184b-2eff-4fef-9f0d-efb71a878c4a;file
ufo_5189bf21-5fb9-4d43-9f0f-c00f02677d25;bac_9de64361-2a35-488d-b863-a25a210e2d21;1;cash_out_investments_outflow;101070;EUR;2025-08-09;User forecast for cash_out_investments_outflow via file;101070;EUR;verified;2025-09-13T14:04:51.283303;2025-09-13T14:04:51.283304;;;1;upload_29955a69-9ac2-4f08-8906-1f40370e9ab2;file
ufo_d58a9293-2738-4e0f-9232-78313ba1e102;bac_9de64361-2a35-488d-b863-a25a210e2d21;52;cash_out_investments_outflow;54172;EUR;2025-08-16;User forecast for cash_out_investments_outflow via file;54172;EUR;unverified;2025-09-13T14:04:51.283311;2025-09-13T14:04:51.283311;;;;upload_fe3a8f76-f04e-4a52-b846-453b488ea6d8;file
ufo_674e60dd-f129-4ea0-8a36-0d02fb663515;bac_9de64361-2a35-488d-b863-a25a210e2d21;40;cash_out_investments_outflow;-40580;EUR;2025-08-27;User forecast for cash_out_investments_outflow via file;-40580;EUR;verified;2025-09-13T14:04:51.283318;2025-09-13T14:04:51.283318;;;51;upload_49a6906e-9c8c-4b97-92a0-49402a467d02;file
ufo_4bd284ff-0879-452e-a69a-5ecb75da4d50;bac_9de64361-2a35-488d-b863-a25a210e2d21;45;cash_out_investments_outflow;-203360;EUR;2025-08-25;User forecast for cash_out_investments_outflow via file;-203360;EUR;dismissed;2025-09-13T14:04:51.283325;2025-09-13T14:04:51.283326;;;;upload_c957cac2-4609-4604-8fd0-fc242cfac27a;file
ufo_9e89cb48-c2b6-4997-a8af-7ce102ef443b;bac_9de64361-2a35-488d-b863-a25a210e2d21;45;cash_out_investments_outflow;-3750;EUR;2025-08-28;User forecast for cash_out_investments_outflow via file;-3750;EUR;cancelled;2025-09-13T14:04:51.283332;2025-09-13T14:04:51.283332;;;;upload_e5b79f4b-1090-4511-9c1b-c944d41b37bf;file
ufo_98197445-8ab0-4410-af8f-9501a50fe296;bac_9de64361-2a35-488d-b863-a25a210e2d21;1;cash_out_payroll;-1799567;EUR;2025-01-05;User forecast for cash_out_payroll via file;-1799567;EUR;dismissed;2025-09-13T14:04:51.283342;2025-09-13T14:04:51.283342;;;;upload_ea07b260-9f35-415b-9fd6-4fe010e48f4f;file
ufo_c8778a37-5350-486d-89ce-e855008f82a6;bac_9de64361-2a35-488d-b863-a25a210e2d21;40;cash_out_payroll;-1530382;EUR;2025-01-01;User forecast for cash_out_payroll via file;-1530382;EUR;verified;2025-09-13T14:04:51.283349;2025-09-13T14:04:51.283349;;;1;upload_9224e4a0-1f34-4eef-8bf9-7b75a9b3a00e;file
ufo_dbd5c05c-a5b6-4b0f-b24b-86b257a2eaf0;bac_9de64361-2a35-488d-b863-a25a210e2d21;3;cash_out_payroll;-1568255;EUR;2025-01-01;User forecast for cash_out_payroll via file;-1568255;EUR;cancelled;2025-09-13T14:04:51.283356;2025-09-13T14:04:51.283356;;;;upload_2da1f2b1-c9f2-4f10-957a-68bfd4b0dd58;file
ufo_5fe6bfd1-8270-462a-bc15-f3c040f3ce72;bac_9de64361-2a35-488d-b863-a25a210e2d21;1;cash_out_payroll;126645;EUR;2025-01-17;User forecast for cash_out_payroll via file;126645;EUR;cancelled;2025-09-13T14:04:51.283363;2025-09-13T14:04:51.283364;;;;upload_79ef5705-6d95-4106-90fe-3484259a30c3;file
ufo_b8deb462-8e99-436e-b1bf-62a6a28c2e4b;bac_9de64361-2a35-488d-b863-a25a210e2d21;3;cash_out_payroll;19747;EUR;2025-01-19;User forecast for cash_out_payroll via file;19747;EUR;verified;2025-09-13T14:04:51.283370;2025-09-13T14:04:51.283371;;;1;upload_2f5050dc-2195-4495-a3c2-1cd6330d6f75;file
ufo_5e83e497-2104-4894-83fb-1e0b3bcdcd0b;bac_9de64361-2a35-488d-b863-a25a210e2d21;40;cash_out_payroll;206340;EUR;2025-01-19;User forecast for cash_out_payroll via file;206340;EUR;dismissed;2025-09-13T14:04:51.283378;2025-09-13T14:04:51.283378;;;;upload_c246b954-474d-4061-bf55-40a1c376a873;file
ufo_4b739bea-6a01-47bd-9179-3aabeff96c0f;bac_9de64361-2a35-488d-b863-a25a210e2d21;52;cash_out_payroll;-568525;EUR;2025-01-23;User forecast for cash_out_payroll via file;-568525;EUR;unverified;2025-09-13T14:04:51.283385;2025-09-13T14:04:51.283386;;;;upload_e859afef-ce53-4048-968b-3a8978f58388;file
ufo_64753783-9894-458b-bcb9-f1c327edb721;bac_9de64361-2a35-488d-b863-a25a210e2d21;51;cash_out_payroll;-439152;EUR;2025-01-23;User forecast for cash_out_payroll via file;-439152;EUR;cancelled;2025-09-13T14:04:51.283393;2025-09-13T14:04:51.283394;;;;upload_8e93a435-d0d2-495a-ad3e-e92a981fa6f3;file
ufo_b22e3246-5e2d-44da-8be8-921a52d35046;bac_9de64361-2a35-488d-b863-a25a210e2d21;52;cash_out_payroll;-531532;EUR;2025-01-21;User forecast for cash_out_payroll via file;-531532;EUR;cancelled;2025-09-13T14:04:51.283400;2025-09-13T14:04:51.283401;;;;upload_63a4bf41-0e26-4137-b3c4-a727b7993f8c;file
ufo_9d31ddcd-1d09-47d8-96a2-e0256c3199dd;bac_9de64361-2a35-488d-b863-a25a210e2d21;3;cash_out_payroll;-327285;EUR;2025-01-31;User forecast for cash_out_payroll via file;-327285;EUR;verified;2025-09-13T14:04:51.283408;2025-09-13T14:04:51.283408;;;52;upload_62562f16-3cbb-499c-bad8-30a5610b2374;file
ufo_6e892b32-cbe1-4348-8a45-9d44a9621427;bac_9de64361-2a35-488d-b863-a25a210e2d21;45;cash_out_payroll;-525505;EUR;2025-02-01;User forecast for cash_out_payroll via file;-525505;EUR;verified;2025-09-13T14:04:51.283415;2025-09-13T14:04:51.283415;;;3;upload_b4f95a8d-1340-46c2-a923-863ad8c273a7;file
ufo_c5221a89-19cb-4b44-9c0f-74bcc4678a05;bac_9de64361-2a35-488d-b863-a25a210e2d21;43;cash_out_payroll;-393197;EUR;2025-02-09;User forecast for cash_out_payroll via file;-393197;EUR;dismissed;2025-09-13T14:04:51.283422;2025-09-13T14:04:51.283422;;;;upload_9c6483b2-027b-4f03-ba10-3cafda926b5d;file
ufo_16159869-618a-4718-9e49-5434ecfc5967;bac_9de64361-2a35-488d-b863-a25a210e2d21;52;cash_out_payroll;-634700;EUR;2025-02-13;User forecast for cash_out_payroll via file;-634700;EUR;dismissed;2025-09-13T14:04:51.283429;2025-09-13T14:04:51.283430;;;;upload_73fd66e9-b3a1-435e-95f0-35d0d4fb2a6e;file
ufo_b88f8ec8-799d-4d94-873e-4f4ef870a5c7;bac_9de64361-2a35-488d-b863-a25a210e2d21;43;cash_out_payroll;-551900;EUR;2025-02-15;User forecast for cash_out_payroll via file;-551900;EUR;verified;2025-09-13T14:04:51.283437;2025-09-13T14:04:51.283437;;;2;upload_4b937233-b754-4c3d-8ee1-4dda0e064174;file
ufo_43903941-4efa-4309-b67b-8a579728f035;bac_9de64361-2a35-488d-b863-a25a210e2d21;51;cash_out_payroll;-510505;EUR;2025-02-12;User forecast for cash_out_payroll via file;-510505;EUR;verified;2025-09-13T14:04:51.283444;2025-09-13T14:04:51.283444;;;47;upload_a3be808a-3234-4a93-9fd3-66316b240fed;file
ufo_0710ae9d-471d-4486-9f69-b97585518b56;bac_9de64361-2a35-488d-b863-a25a210e2d21;51;cash_out_payroll;-342072;EUR;2025-02-26;User forecast for cash_out_payroll via file;-342072;EUR;verified;2025-09-13T14:04:51.283451;2025-09-13T14:04:51.283452;;;51;upload_f4ed0fe0-3204-4b12-9af1-4316db08a610;file
ufo_15e506bb-8b46-41a2-a9b5-ec5cbdd63800;bac_9de64361-2a35-488d-b863-a25a210e2d21;47;cash_out_payroll;-774647;EUR;2025-02-23;User forecast for cash_out_payroll via file;-774647;EUR;unverified;2025-09-13T14:04:51.283458;2025-09-13T14:04:51.283459;;;;upload_e42829fe-2d06-46cd-afdd-37236e4ad5f9;file
ufo_12c93c54-d3e0-4cad-97de-27758870efa6;bac_9de64361-2a35-488d-b863-a25a210e2d21;2;cash_out_payroll;-541580;EUR;2025-02-26;User forecast for cash_out_payroll via file;-541580;EUR;verified;2025-09-13T14:04:51.283465;2025-09-13T14:04:51.283466;;;45;upload_0c41c080-243d-49df-92dc-c0ed6f4aaf40;file
ufo_87228f03-4a41-4871-ab4b-ee5e89d61bd1;bac_9de64361-2a35-488d-b863-a25a210e2d21;1;cash_out_payroll;0;EUR;2025-03-04;User forecast for cash_out_payroll via file;0;EUR;cancelled;2025-09-13T14:04:51.283473;2025-09-13T14:04:51.283473;;;;upload_1134c4ff-fd3e-48f1-933d-66e2ba58f125;file
ufo_ad5c849a-2d81-4325-a67e-d9fb4b4fcaf3;bac_9de64361-2a35-488d-b863-a25a210e2d21;51;cash_out_payroll;0;EUR;2025-03-06;User forecast for cash_out_payroll via file;0;EUR;unverified;2025-09-13T14:04:51.283480;2025-09-13T14:04:51.283480;;;;upload_b1afd417-e97a-4f50-90ac-75cb67279f13;file
ufo_fe3fbefe-d284-4529-b5b3-003ff9fdb58e;bac_9de64361-2a35-488d-b863-a25a210e2d21;51;cash_out_payroll;0;EUR;2025-03-06;User forecast for cash_out_payroll via file;0;EUR;unverified;2025-09-13T14:04:51.283488;2025-09-13T14:04:51.283488;;;;upload_ce9102ba-ef81-4e21-816c-95cccc665184;file
ufo_102cb6f3-b3f7-4eac-9ff5-b542b45529ab;bac_9de64361-2a35-488d-b863-a25a210e2d21;45;cash_out_payroll;-692582;EUR;2025-03-16;User forecast for cash_out_payroll via file;-692582;EUR;unverified;2025-09-13T14:04:51.283495;2025-09-13T14:04:51.283496;;;;upload_6885c0da-451b-4d5a-9e17-b24003c13ab7;file
ufo_23b2ed02-809a-49bb-8e82-3211157f9d52;bac_9de64361-2a35-488d-b863-a25a210e2d21;51;cash_out_payroll;-791332;EUR;2025-03-14;User forecast for cash_out_payroll via file;-791332;EUR;unverified;2025-09-13T14:04:51.283502;2025-09-13T14:04:51.283502;;;;upload_3de8382a-9bc0-4601-ada4-51ce24fb5305;file
ufo_ab6b3969-5e1f-448a-95c7-83a46cc53df9;bac_9de64361-2a35-488d-b863-a25a210e2d21;45;cash_out_payroll;-532787;EUR;2025-03-12;User forecast for cash_out_payroll via file;-532787;EUR;verified;2025-09-13T14:04:51.283509;2025-09-13T14:04:51.283509;;;43;upload_9fed445f-08df-4f15-a8ae-2fae3a6a8a42;file
ufo_2c6311f1-9b47-4ff4-ac0b-dc4b8f886a77;bac_9de64361-2a35-488d-b863-a25a210e2d21;40;cash_out_payroll;0;EUR;2025-03-25;User forecast for cash_out_payroll via file;0;EUR;unverified;2025-09-13T14:04:51.283516;2025-09-13T14:04:51.283516;;;;upload_8c5d3f2c-e031-4d59-8c62-46beff76583c;file
ufo_882215f8-2e67-4e82-ab78-33c49a75b6a1;bac_9de64361-2a35-488d-b863-a25a210e2d21;47;cash_out_payroll;0;EUR;2025-03-30;User forecast for cash_out_payroll via file;0;EUR;unverified;2025-09-13T14:04:51.283523;2025-09-13T14:04:51.283523;;;;upload_e267bd74-2f92-47bf-83b1-dd4cc143e79d;file
ufo_44f83a20-bafe-4331-bfb0-0e91e61b2fe3;bac_9de64361-2a35-488d-b863-a25a210e2d21;52;cash_out_payroll;31605;EUR;2025-03-24;User forecast for cash_out_payroll via file;31605;EUR;cancelled;2025-09-13T14:04:51.283530;2025-09-13T14:04:51.283530;;;;upload_e5168c80-c440-4612-87f5-d273e3f27929;file
ufo_d653cc48-ac43-431d-9fc7-b7845f1ee6b8;bac_9de64361-2a35-488d-b863-a25a210e2d21;40;cash_out_payroll;-1609922;EUR;2025-04-06;User forecast for cash_out_payroll via file;-1609922;EUR;verified;2025-09-13T14:04:51.283537;2025-09-13T14:04:51.283538;;;43;upload_24d350f1-4462-4947-810a-fa8f1c7591d8;file
ufo_596c6bec-7d3b-43bb-b542-3ebb65becc45;bac_9de64361-2a35-488d-b863-a25a210e2d21;52;cash_out_payroll;-1276142;EUR;2025-04-04;User forecast for cash_out_payroll via file;-1276142;EUR;cancelled;2025-09-13T14:04:51.283544;2025-09-13T14:04:51.283545;;;;upload_a4d141b9-3f6d-4b60-943a-606288f29001;file
ufo_40b1483f-c897-426e-95f9-a681f90c28e4;bac_9de64361-2a35-488d-b863-a25a210e2d21;3;cash_out_payroll;-1504160;EUR;2025-04-03;User forecast for cash_out_payroll via file;-1504160;EUR;cancelled;2025-09-13T14:04:51.283551;2025-09-13T14:04:51.283552;;;;upload_dd68736f-a942-436a-a5a6-df0ca87be65e;file
ufo_674cef6d-8885-47df-9b67-1bfa46cace31;bac_9de64361-2a35-488d-b863-a25a210e2d21;3;cash_out_payroll;-339195;EUR;2025-04-12;User forecast for cash_out_payroll via file;-339195;EUR;dismissed;2025-09-13T14:04:51.283558;2025-09-13T14:04:51.283559;;;;upload_23ab728e-5753-4379-b89d-16100ac2002c;file
ufo_b2db859d-6a63-4bab-896a-d1c0aa62f0e7;bac_9de64361-2a35-488d-b863-a25a210e2d21;47;cash_out_payroll;-709985;EUR;2025-04-13;User forecast for cash_out_payroll via file;-709985;EUR;cancelled;2025-09-13T14:04:51.283565;2025-09-13T14:04:51.283566;;;;upload_776fb458-8b31-4cfd-a67c-958636649c31;file
ufo_b2313270-4892-4b55-873d-d40001fdcc28;bac_9de64361-2a35-488d-b863-a25a210e2d21;40;cash_out_payroll;-604315;EUR;2025-04-15;User forecast for cash_out_payroll via file;-604315;EUR;dismissed;2025-09-13T14:04:51.283573;2025-09-13T14:04:51.283574;;;;upload_00f1c572-e8dc-442d-ab6a-aefc59ecc8f2;file
ufo_55335569-0348-4277-a37c-ebcb03385908;bac_9de64361-2a35-488d-b863-a25a210e2d21;45;cash_out_payroll;-414210;EUR;2025-04-27;User forecast for cash_out_payroll via file;-414210;EUR;cancelled;2025-09-13T14:04:51.283581;2025-09-13T14:04:51.283582;;;;upload_76aa3ac6-8071-44b7-b5e9-41d0a523d754;file
ufo_41a69ae5-4100-41db-b65d-d6de2b83e57d;bac_9de64361-2a35-488d-b863-a25a210e2d21;40;cash_out_payroll;-528320;EUR;2025-04-29;User forecast for cash_out_payroll via file;-528320;EUR;dismissed;2025-09-13T14:04:51.283588;2025-09-13T14:04:51.283589;;;;upload_16f7e39c-fede-4f35-a485-4c35e0f324de;file
ufo_af1d4d98-bdb5-4b70-ba4f-69dfb1415619;bac_9de64361-2a35-488d-b863-a25a210e2d21;52;cash_out_payroll;-634145;EUR;2025-04-30;User forecast for cash_out_payroll via file;-634145;EUR;cancelled;2025-09-13T14:04:51.283595;2025-09-13T14:04:51.283595;;;;upload_0f633f47-0336-4e0a-ba9e-4d3ff15b33fb;file
ufo_90c98eaf-c2d4-40b0-acf6-708d83ef6001;bac_9de64361-2a35-488d-b863-a25a210e2d21;2;cash_out_payroll;-1729827;EUR;2025-05-07;User forecast for cash_out_payroll via file;-1729827;EUR;verified;2025-09-13T14:04:51.283602;2025-09-13T14:04:51.283603;;;45;upload_91451169-c81f-4289-86fc-df57326bfabc;file
ufo_4c990025-39f6-4a90-8acd-271505ead6f3;bac_9de64361-2a35-488d-b863-a25a210e2d21;45;cash_out_payroll;-1408347;EUR;2025-05-09;User forecast for cash_out_payroll via file;-1408347;EUR;unverified;2025-09-13T14:04:51.283609;2025-09-13T14:04:51.283610;;;;upload_c9d0c302-17af-49aa-b4d7-f4ae767ffd7a;file
ufo_6047bbc9-4b18-4b94-aa65-6319eec16b3b;bac_9de64361-2a35-488d-b863-a25a210e2d21;45;cash_out_payroll;-1418547;EUR;2025-05-08;User forecast for cash_out_payroll via file;-1418547;EUR;verified;2025-09-13T14:04:51.283616;2025-09-13T14:04:51.283617;;;3;upload_a42630cd-ee58-4049-bb38-91415823b0ce;file
ufo_98b2205f-7a93-4211-be13-0757cd1deb5e;bac_9de64361-2a35-488d-b863-a25a210e2d21;3;cash_out_payroll;30415;EUR;2025-05-14;User forecast for cash_out_payroll via file;30415;EUR;unverified;2025-09-13T14:04:51.283623;2025-09-13T14:04:51.283624;;;;upload_c09654f2-f432-4b35-a282-040f23878f7b;file
ufo_a94b05b2-6bdd-46ff-939d-ca50860cfdbb;bac_9de64361-2a35-488d-b863-a25a210e2d21;40;cash_out_payroll;0;EUR;2025-05-11;User forecast for cash_out_payroll via file;0;EUR;unverified;2025-09-13T14:04:51.283630;2025-09-13T14:04:51.283631;;;;upload_2c390cd1-b5e4-4bd4-a230-1ed0f5d86e58;file
ufo_03555b09-530f-491f-8db9-2e51f9e4a2e1;bac_9de64361-2a35-488d-b863-a25a210e2d21;1;cash_out_payroll;0;EUR;2025-05-14;User forecast for cash_out_payroll via file;0;EUR;verified;2025-09-13T14:04:51.283637;2025-09-13T14:04:51.283638;;;3;upload_679816a1-d7e9-461a-a5dd-3f63e8b96ff3;file
ufo_b9727db4-96ce-4d91-ad56-7afb413eff5d;bac_9de64361-2a35-488d-b863-a25a210e2d21;3;cash_out_payroll;-506622;EUR;2025-05-28;User forecast for cash_out_payroll via file;-506622;EUR;unverified;2025-09-13T14:04:51.283645;2025-09-13T14:04:51.283645;;;;upload_555979f5-4dcd-4562-b02d-27ca50ed8e33;file
ufo_48439903-6359-4be2-91f9-9a8312bad775;bac_9de64361-2a35-488d-b863-a25a210e2d21;52;cash_out_payroll;-664412;EUR;2025-05-22;User forecast for cash_out_payroll via file;-664412;EUR;dismissed;2025-09-13T14:04:51.283652;2025-09-13T14:04:51.283652;;;;upload_b9c5b127-91bf-4e24-bc9f-67b0f6356ff1;file
ufo_871d3908-9d19-4775-852f-dab354988857;bac_9de64361-2a35-488d-b863-a25a210e2d21;51;cash_out_payroll;-593947;EUR;2025-05-27;User forecast for cash_out_payroll via file;-593947;EUR;unverified;2025-09-13T14:04:51.283658;2025-09-13T14:04:51.283659;;;;upload_ce74c22f-ddfe-406b-84f6-1ff6efe509cc;file
ufo_29cf7a90-49f4-45f1-8836-0e6a04030564;bac_9de64361-2a35-488d-b863-a25a210e2d21;47;cash_out_payroll;157655;EUR;2025-06-04;User forecast for cash_out_payroll via file;157655;EUR;cancelled;2025-09-13T14:04:51.283666;2025-09-13T14:04:51.283666;;;;upload_799c28e8-6547-4ba8-94df-950ed33bcf48;file
ufo_9e532867-871c-40ce-a560-00667e87ab56;bac_9de64361-2a35-488d-b863-a25a210e2d21;40;cash_out_payroll;0;EUR;2025-06-09;User forecast for cash_out_payroll via file;0;EUR;dismissed;2025-09-13T14:04:51.283672;2025-09-13T14:04:51.283673;;;;upload_0b6c1720-45a3-47c4-97d7-211f0ff5ee31;file
ufo_ec013c6e-cea4-4107-80ad-d60f139318e8;bac_9de64361-2a35-488d-b863-a25a210e2d21;47;cash_out_payroll;84690;EUR;2025-06-07;User forecast for cash_out_payroll via file;84690;EUR;unverified;2025-09-13T14:04:51.283679;2025-09-13T14:04:51.283680;;;;upload_a1932e9f-e80b-4a75-8c63-9967ec0c84bb;file
ufo_b72881f4-ffd0-4ca3-8dea-f58ee21266ba;bac_9de64361-2a35-488d-b863-a25a210e2d21;52;cash_out_payroll;-313225;EUR;2025-06-12;User forecast for cash_out_payroll via file;-313225;EUR;cancelled;2025-09-13T14:04:51.283687;2025-09-13T14:04:51.283687;;;;upload_2244c0f4-3a3e-4e0e-8651-5126ccc2b535;file
ufo_4910147c-67b3-405f-b96e-19562138dc47;bac_9de64361-2a35-488d-b863-a25a210e2d21;43;cash_out_payroll;-397967;EUR;2025-06-18;User forecast for cash_out_payroll via file;-397967;EUR;unverified;2025-09-13T14:04:51.283693;2025-09-13T14:04:51.283694;;;;upload_3ba9b4cb-0f7f-4cc8-afc4-d9e70f0465e0;file
ufo_ce237608-17dd-442e-a988-54664c4ca142;bac_9de64361-2a35-488d-b863-a25a210e2d21;51;cash_out_payroll;-450222;EUR;2025-06-14;User forecast for cash_out_payroll via file;-450222;EUR;dismissed;2025-09-13T14:04:51.283700;2025-09-13T14:04:51.283701;;;;upload_32d1b500-75a3-4158-b296-13621c30193a;file
ufo_14988d3e-08a2-49ad-a71b-51ab885536f6;bac_9de64361-2a35-488d-b863-a25a210e2d21;51;cash_out_payroll;-557945;EUR;2025-06-29;User forecast for cash_out_payroll via file;-557945;EUR;unverified;2025-09-13T14:04:51.283707;2025-09-13T14:04:51.283708;;;;upload_cbea8922-7bec-4836-a74b-5c7d925984ec;file
ufo_468cebe7-c18e-416f-8214-ccc5cd31e81c;bac_9de64361-2a35-488d-b863-a25a210e2d21;47;cash_out_payroll;-580735;EUR;2025-06-22;User forecast for cash_out_payroll via file;-580735;EUR;unverified;2025-09-13T14:04:51.283714;2025-09-13T14:04:51.283715;;;;upload_2aa3f6a2-fd22-499b-a693-c2fcdf88e914;file
ufo_659af990-10b4-41b5-8cb1-22622f259361;bac_9de64361-2a35-488d-b863-a25a210e2d21;47;cash_out_payroll;-781015;EUR;2025-06-23;User forecast for cash_out_payroll via file;-781015;EUR;unverified;2025-09-13T14:04:51.283721;2025-09-13T14:04:51.283722;;;;upload_31da0083-4324-4541-970b-4eeba1ac6c7d;file
ufo_dca81ae1-fee0-4ef5-a596-01117739894a;bac_9de64361-2a35-488d-b863-a25a210e2d21;47;cash_out_payroll;-495372;EUR;2025-07-01;User forecast for cash_out_payroll via file;-495372;EUR;unverified;2025-09-13T14:04:51.283728;2025-09-13T14:04:51.283729;;;;upload_3f2292f7-a928-4dcc-80ad-c0c20770b110;file
ufo_e76b1ee4-461a-4ac9-9f2d-42b92c517b29;bac_9de64361-2a35-488d-b863-a25a210e2d21;51;cash_out_payroll;-550280;EUR;2025-07-05;User forecast for cash_out_payroll via file;-550280;EUR;unverified;2025-09-13T14:04:51.283735;2025-09-13T14:04:51.283736;;;;upload_480dc20f-7b19-4fcd-91d9-dbddc003e589;file
ufo_9ea18c3f-8f1c-46b1-b4b5-581d463313bd;bac_9de64361-2a35-488d-b863-a25a210e2d21;45;cash_out_payroll;-587252;EUR;2025-07-03;User forecast for cash_out_payroll via file;-587252;EUR;cancelled;2025-09-13T14:04:51.283742;2025-09-13T14:04:51.283742;;;;upload_b04bfe97-8ccb-4642-b2db-2b87bd1675e5;file
ufo_9aef252d-cfe4-4dce-9c09-a0cca223bac9;bac_9de64361-2a35-488d-b863-a25a210e2d21;40;cash_out_payroll;-502510;EUR;2025-07-16;User forecast for cash_out_payroll via file;-502510;EUR;unverified;2025-09-13T14:04:51.283749;2025-09-13T14:04:51.283750;;;;upload_aeae2b75-5eda-448c-8d76-c4859616a2d2;file
ufo_3c811eaa-63ef-41ee-a0b1-6f9f4dcc3a8f;bac_9de64361-2a35-488d-b863-a25a210e2d21;45;cash_out_payroll;-492202;EUR;2025-07-10;User forecast for cash_out_payroll via file;-492202;EUR;cancelled;2025-09-13T14:04:51.283756;2025-09-13T14:04:51.283757;;;;upload_719f7bcd-6657-4c25-967b-eb82741d5ecf;file
ufo_0b1e7e71-a609-45ce-8704-f45701477c8f;bac_9de64361-2a35-488d-b863-a25a210e2d21;2;cash_out_payroll;-579442;EUR;2025-07-11;User forecast for cash_out_payroll via file;-579442;EUR;cancelled;2025-09-13T14:04:51.283763;2025-09-13T14:04:51.283764;;;;upload_fca9f0d6-7ef8-471c-8fa7-991d413927a9;file
ufo_2f2418fd-5982-49a9-b95b-96ad3b219fc6;bac_9de64361-2a35-488d-b863-a25a210e2d21;2;cash_out_payroll;201635;EUR;2025-07-21;User forecast for cash_out_payroll via file;201635;EUR;unverified;2025-09-13T14:04:51.283772;2025-09-13T14:04:51.283772;;;;upload_60d012d2-da2e-47a6-8c4f-216dd5d2632d;file
ufo_5d49a4b4-30c8-4fa4-8849-5987c6f0de91;bac_9de64361-2a35-488d-b863-a25a210e2d21;51;cash_out_payroll;91325;EUR;2025-07-25;User forecast for cash_out_payroll via file;91325;EUR;unverified;2025-09-13T14:04:51.283779;2025-09-13T14:04:51.283779;;;;upload_b4d5c897-1795-473a-8599-93da077de6ae;file
ufo_165b1179-d6e6-4add-8bc2-c0c060645ad0;bac_9de64361-2a35-488d-b863-a25a210e2d21;2;cash_out_payroll;112032;EUR;2025-07-29;User forecast for cash_out_payroll via file;112032;EUR;unverified;2025-09-13T14:04:51.283785;2025-09-13T14:04:51.283786;;;;upload_be6ba733-2749-4f83-9de8-14dd166fe7bf;file
ufo_c0a84a04-7e41-43e8-984a-2b89a1161160;bac_9de64361-2a35-488d-b863-a25a210e2d21;40;cash_out_payroll;-512912;EUR;2025-08-04;User forecast for cash_out_payroll via file;-512912;EUR;dismissed;2025-09-13T14:04:51.283792;2025-09-13T14:04:51.283793;;;;upload_7783f7fa-bd0d-4eb4-8bed-349bee13a3b7;file
ufo_5353dcf3-e572-4b64-a637-57342ca867df;bac_9de64361-2a35-488d-b863-a25a210e2d21;52;cash_out_payroll;-436095;EUR;2025-07-30;User forecast for cash_out_payroll via file;-436095;EUR;unverified;2025-09-13T14:04:51.283799;2025-09-13T14:04:51.283800;;;;upload_b55ec51b-24cd-4097-b2bb-3ac70dbee91a;file
ufo_bb9c4e35-f3ad-42e0-947e-a0f65335738d;bac_9de64361-2a35-488d-b863-a25a210e2d21;2;cash_out_payroll;-611962;EUR;2025-08-04;User forecast for cash_out_payroll via file;-611962;EUR;verified;2025-09-13T14:04:51.283806;2025-09-13T14:04:51.283807;;;3;upload_71ca3fd2-9e86-40fc-8995-4e416815b4d3;file
ufo_a49d42b1-016e-4983-8640-ab741e541cc4;bac_9de64361-2a35-488d-b863-a25a210e2d21;52;cash_out_payroll;83280;EUR;2025-08-11;User forecast for cash_out_payroll via file;83280;EUR;unverified;2025-09-13T14:04:51.283815;2025-09-13T14:04:51.283816;;;;upload_4d5d6ff5-72d2-4f14-a9cb-ca0b5fffb2ea;file
ufo_559111b9-c084-4ff5-b8e3-4ced4a7d381e;bac_9de64361-2a35-488d-b863-a25a210e2d21;43;cash_out_payroll;0;EUR;2025-08-16;User forecast for cash_out_payroll via file;0;EUR;cancelled;2025-09-13T14:04:51.283822;2025-09-13T14:04:51.283823;;;;upload_ceb8c05b-9c9d-4cd0-96bf-b1f2704ab612;file
ufo_a8cf341d-0eaa-4c6f-9c3e-181e1171436f;bac_9de64361-2a35-488d-b863-a25a210e2d21;1;cash_out_payroll;0;EUR;2025-08-14;User forecast for cash_out_payroll via file;0;EUR;unverified;2025-09-13T14:04:51.283829;2025-09-13T14:04:51.283830;;;;upload_4c7fdf7c-89f7-48cc-9733-16caf27b2066;file
ufo_68c6a46f-cff2-4298-951b-7c896609d136;bac_9de64361-2a35-488d-b863-a25a210e2d21;52;cash_out_payroll;-502845;EUR;2025-08-27;User forecast for cash_out_payroll via file;-502845;EUR;unverified;2025-09-13T14:04:51.283836;2025-09-13T14:04:51.283837;;;;upload_9ec145a8-ceb6-4588-8778-631c1655cbd5;file
ufo_9b273842-1a13-455b-b248-00c043cd305c;bac_9de64361-2a35-488d-b863-a25a210e2d21;47;cash_out_payroll;-536505;EUR;2025-08-27;User forecast for cash_out_payroll via file;-536505;EUR;dismissed;2025-09-13T14:04:51.283843;2025-09-13T14:04:51.283844;;;;upload_6b45e0d8-db1f-4503-8459-6ba4995cc075;file
ufo_b3364880-dd68-4cb7-967f-b534aa78ac4a;bac_9de64361-2a35-488d-b863-a25a210e2d21;43;cash_out_payroll;-209615;EUR;2025-08-28;User forecast for cash_out_payroll via file;-209615;EUR;cancelled;2025-09-13T14:04:51.283850;2025-09-13T14:04:51.283851;;;;upload_7e77d908-c5af-49d0-ac8e-7729cac82025;file